Replicate Name,Peptide Modified Sequence,Precursor Mz,Best Retention Time,Max Fwhm,Total Area,Precursor Charge,Average Mass Error PPM,Isotope Dot Product
JF_171012_IDA_6600_Brain_PAD-_B1_proteinpilot,ALSAIAELLTSEHER[+1]VVK,656.365112,#N/A,#N/A,158,3,-6.9,0.3184
JF_2ndPrep_IDA_6600_Liver_PAD-_4_proteinpilot,ALSAIAELLTSEHER[+1]VVK,656.365112,65.34,0.07,1120,3,-1.2,0.3184
JF_2ndPrep_IDA_6600_Liver_PAD-_3_proteinpilot,ALSAIAELLTSEHER[+1]VVK,656.365112,#N/A,#N/A,1155,3,-5.2,0.4189
JF_171012_IDA_6600_Muscle_PAD-_B1_proteinpilot,ALSAIAELLTSEHER[+1]VVK,656.365112,64.37,0.11,4344,3,-3.9,0.4334
JF_2ndPrep_IDA_6600_Liver_PAD+_3_proteinpilot,ALSAIAELLTSEHER[+1]VVK,656.365112,65.57,0.23,929871,3,-8.3,0.4606
JF_171012_IDA_6600_Brain_PAD-_B3_proteinpilot,ALSAIAELLTSEHER[+1]VVK,656.365112,65.58,0.15,9452,3,-0.2,0.4959
JF_2ndPrep_IDA_6600_Liver_PAD-_5_proteinpilot,ALSAIAELLTSEHER[+1]VVK,656.365112,65.41,0.29,27733,3,2.3,0.5219
JF_171012_IDA_6600_Brain_PAD-_B2_proteinpilot,ALSAIAELLTSEHER[+1]VVK,656.365112,65.93,0.12,14690,3,-2.8,0.5374
JF_171012_IDA_6600_Lung_PAD+_B2_proteinpilot,ALSAIAELLTSEHER[+1]VVK,656.365112,66.25,0.11,23911,3,-2.9,0.5621
JF_171012_IDA_6600_Lung_PAD-_B1_proteinpilot,ALSAIAELLTSEHER[+1]VVK,656.365112,64.85,0.17,22680,3,0.7,0.567
JF_171012_IDA_6600_Heart_PAD+_B2_proteinpilot,ALSAIAELLTSEHER[+1]VVK,656.365112,64.25,0.16,30093,3,-1.5,0.5782
JF_171012_IDA_6600_Heart_PAD+_B3_proteinpilot,ALSAIAELLTSEHER[+1]VVK,656.365112,64.34,0.12,10730,3,-0.8,0.5786
JF_171012_IDA_6600_Kidney_PAD+_B3_proteinpilot,ALSAIAELLTSEHER[+1]VVK,656.365112,65.39,0.21,149127,3,-1.2,0.5793
JF_171012_IDA_6600_Lung_PAD+_B3_proteinpilot,ALSAIAELLTSEHER[+1]VVK,656.365112,66.16,0.16,296440,3,-6.8,0.5798
JF_171012_IDA_6600_Kidney_PAD-_B1_proteinpilot,ALSAIAELLTSEHER[+1]VVK,656.365112,66.11,0.11,19928,3,-0.1,0.5809
JF_171012_IDA_6600_Lung_PAD+_B1_proteinpilot,ALSAIAELLTSEHER[+1]VVK,656.365112,65.98,0.17,395923,3,-6.8,0.581
JF_171012_IDA_6600_Muscle_PAD+_B3_proteinpilot,ALSAIAELLTSEHER[+1]VVK,656.365112,65.03,0.13,29981,3,2.5,0.581
JF_171012_IDA_6600_Heart_PAD-_B2_proteinpilot,ALSAIAELLTSEHER[+1]VVK,656.365112,63.97,0.15,46773,3,1.8,0.722
JF_171012_IDA_6600_Lung_PAD-_B2_proteinpilot,ALSAIAELLTSEHER[+1]VVK,656.365112,63.09,0.33,98817,3,1,0.739
JF_171012_IDA_6600_Muscle_PAD-_B2_proteinpilot,ALSAIAELLTSEHER[+1]VVK,656.365112,64.7,0.28,178460,3,1.7,0.7544
JF_171012_IDA_6600_Heart_PAD+_B1_proteinpilot,ALSAIAELLTSEHER[+1]VVK,656.365112,64.98,0.42,44500,3,-1,0.7896
JF_2ndPrep_IDA_6600_Liver_PAD+_4_proteinpilot,ALSAIAELLTSEHER[+1]VVK,656.365112,65.61,0.21,279185,3,1.5,0.8064
JF_171012_IDA_6600_Muscle_PAD+_B1_proteinpilot,ALSAIAELLTSEHER[+1]VVK,656.365112,64.3,0.12,26981,3,-2.1,0.813
JF_171012_IDA_6600_Muscle_PAD-_B3_proteinpilot,ALSAIAELLTSEHER[+1]VVK,656.365112,65.34,0.12,25043,3,0.8,0.8263
JF_171012_IDA_6600_Heart_PAD-_B3_proteinpilot,ALSAIAELLTSEHER[+1]VVK,656.365112,64.55,0.49,109198,3,-0.7,0.8666
JF_171012_IDA_6600_Muscle_PAD+_B2_proteinpilot,ALSAIAELLTSEHER[+1]VVK,656.365112,65.97,0.1,18260,3,-0.2,0.8813
JF_171012_IDA_6600_Brain_PAD+_B1_proteinpilot,ALSAIAELLTSEHER[+1]VVK,656.365112,66.59,0.38,107997,3,-0.7,0.8928
JF_171012_IDA_6600_Heart_PAD-_B1_proteinpilot,ALSAIAELLTSEHER[+1]VVK,656.365112,62.78,0.22,121329,3,-1,0.8948
JF_171012_IDA_6600_Lung_PAD-_B3_proteinpilot,ALSAIAELLTSEHER[+1]VVK,656.365112,65.39,0.59,90184,3,1.1,0.9053
JF_2ndPrep_IDA_6600_Liver_PAD+_5_proteinpilot,ALSAIAELLTSEHER[+1]VVK,656.365112,66.64,0.28,181878,3,-2.3,0.9179
JF_171012_IDA_6600_Brain_PAD+_B2_proteinpilot,ALSAIAELLTSEHER[+1]VVK,656.365112,65.13,0.17,124022,3,-1,0.921
JF_171012_IDA_6600_Kidney_PAD+_B1_proteinpilot,ALSAIAELLTSEHER[+1]VVK,656.365112,66.18,0.2,130944,3,-4.4,0.9372
JF_171012_IDA_6600_Brain_PAD+_B3_proteinpilot,ALSAIAELLTSEHER[+1]VVK,656.365112,65.26,0.16,132245,3,-1.2,0.956
JF_171012_IDA_6600_Kidney_PAD-_B3_proteinpilot,ALSAIAELLTSEHER[+1]VVK,656.365112,66.34,0.5,59018,3,0.1,0.9574
JF_171012_IDA_6600_Muscle_PAD-_B2_proteinpilot,ALSAIAELLTSEHERVVK,656.037106,58.22,0.06,6339,3,-1.9,0.4746
JF_2ndPrep_IDA_6600_Liver_PAD-_4_proteinpilot,ALSAIAELLTSEHERVVK,492.279649,58.17,0.2,2179,4,1.7,0.5308
JF_171012_IDA_6600_Heart_PAD+_B3_proteinpilot,ALSAIAELLTSEHERVVK,656.037106,56.87,0.21,35400,3,-0.8,0.5446
JF_2ndPrep_IDA_6600_Liver_PAD-_5_proteinpilot,ALSAIAELLTSEHERVVK,492.279649,58.75,0.1,19843,4,-2.4,0.5525
JF_171012_IDA_6600_Muscle_PAD+_B1_proteinpilot,ALSAIAELLTSEHERVVK,492.279649,57.17,0.06,9331,4,-6.1,0.5576
JF_171012_IDA_6600_Muscle_PAD+_B3_proteinpilot,ALSAIAELLTSEHERVVK,656.037106,57.48,0.1,14217,3,0.2,0.6812
JF_171012_IDA_6600_Heart_PAD-_B3_proteinpilot,ALSAIAELLTSEHERVVK,656.037106,57.24,0.18,142141,3,-2.4,0.682
JF_171012_IDA_6600_Brain_PAD+_B2_proteinpilot,ALSAIAELLTSEHERVVK,492.279649,57.57,0.35,19322,4,2.9,0.7363
JF_171012_IDA_6600_Muscle_PAD-_B1_proteinpilot,ALSAIAELLTSEHERVVK,656.037106,57.73,0.09,22788,3,-1.1,0.7441
JF_2ndPrep_IDA_6600_Liver_PAD-_4_proteinpilot,ALSAIAELLTSEHERVVK,656.037106,58.11,0.18,29079,3,-2.2,0.7464
JF_171012_IDA_6600_Heart_PAD-_B2_proteinpilot,ALSAIAELLTSEHERVVK,656.037106,56.65,0.19,85354,3,-1.9,0.7489
JF_2ndPrep_IDA_6600_Liver_PAD-_5_proteinpilot,ALSAIAELLTSEHERVVK,656.037106,58.87,0.1,3363,3,1,0.7543
JF_171012_IDA_6600_Heart_PAD+_B1_proteinpilot,ALSAIAELLTSEHERVVK,492.279649,57.21,0.29,33653,4,1.8,0.7563
JF_171012_IDA_6600_Heart_PAD+_B1_proteinpilot,ALSAIAELLTSEHERVVK,656.037106,57.21,0.77,67866,3,-0.2,0.7627
JF_171012_IDA_6600_Brain_PAD+_B3_proteinpilot,ALSAIAELLTSEHERVVK,656.037106,57.78,0.38,123148,3,-1.7,0.776
JF_171012_IDA_6600_Muscle_PAD-_B3_proteinpilot,ALSAIAELLTSEHERVVK,656.037106,58.43,0.38,22807,3,-2.6,0.7937
JF_171012_IDA_6600_Heart_PAD-_B3_proteinpilot,ALSAIAELLTSEHERVVK,492.279649,57.18,0.33,30351,4,2.3,0.7961
JF_171012_IDA_6600_Heart_PAD-_B1_proteinpilot,ALSAIAELLTSEHERVVK,656.037106,57.54,0.35,67395,3,-0.6,0.8001
JF_171012_IDA_6600_Brain_PAD+_B1_proteinpilot,ALSAIAELLTSEHERVVK,656.037106,59.21,0.29,43575,3,0.6,0.8115
JF_171012_IDA_6600_Muscle_PAD+_B2_proteinpilot,ALSAIAELLTSEHERVVK,492.279649,57.51,0.22,23298,4,-0.1,0.8169
JF_171012_IDA_6600_Heart_PAD+_B2_proteinpilot,ALSAIAELLTSEHERVVK,656.037106,56.45,0.45,92867,3,-0.5,0.8284
JF_171012_IDA_6600_Heart_PAD-_B1_proteinpilot,ALSAIAELLTSEHERVVK,492.279649,58.01,0.43,48679,4,-2,0.8337
JF_2ndPrep_IDA_6600_Liver_PAD-_3_proteinpilot,ALSAIAELLTSEHERVVK,656.037106,58.41,0.15,37858,3,-0.5,0.8346
JF_171012_IDA_6600_Lung_PAD+_B3_proteinpilot,ALSAIAELLTSEHERVVK,656.037106,58.72,0.21,255308,3,-5.5,0.8423
JF_171012_IDA_6600_Kidney_PAD-_B3_proteinpilot,ALSAIAELLTSEHERVVK,492.279649,58.73,0.07,106122,4,-8,0.8438
JF_171012_IDA_6600_Kidney_PAD+_B3_proteinpilot,ALSAIAELLTSEHERVVK,656.037106,57.83,0.34,206035,3,-0.1,0.8513
JF_171012_IDA_6600_Heart_PAD+_B2_proteinpilot,ALSAIAELLTSEHERVVK,492.279649,56.8,0.24,59251,4,0.2,0.8539
JF_2ndPrep_IDA_6600_Liver_PAD+_5_proteinpilot,ALSAIAELLTSEHERVVK,656.037106,59.7,0.22,73685,3,-1.3,0.8595
JF_171012_IDA_6600_Muscle_PAD+_B2_proteinpilot,ALSAIAELLTSEHERVVK,656.037106,57.57,0.11,75406,3,2.2,0.8672
JF_171012_IDA_6600_Muscle_PAD-_B1_proteinpilot,ALSAIAELLTSEHERVVK,492.279649,57.44,0.09,8980,4,-1.3,0.8741
JF_171012_IDA_6600_Brain_PAD-_B2_proteinpilot,ALSAIAELLTSEHERVVK,656.037106,58.79,0.5,115445,3,-3.2,0.8784
JF_171012_IDA_6600_Brain_PAD+_B2_proteinpilot,ALSAIAELLTSEHERVVK,656.037106,57.63,0.22,201092,3,-2.5,0.8877
JF_171012_IDA_6600_Muscle_PAD+_B1_proteinpilot,ALSAIAELLTSEHERVVK,656.037106,57.11,0.17,19443,3,-0.4,0.8906
JF_171012_IDA_6600_Muscle_PAD-_B2_proteinpilot,ALSAIAELLTSEHERVVK,492.279649,58.39,0.12,10335,4,-1.1,0.8955
JF_171012_IDA_6600_Muscle_PAD+_B3_proteinpilot,ALSAIAELLTSEHERVVK,492.279649,57.48,0.22,9610,4,0,0.896
JF_171012_IDA_6600_Kidney_PAD-_B1_proteinpilot,ALSAIAELLTSEHERVVK,492.279649,59.3,0.39,16401,4,0,0.9002
JF_171012_IDA_6600_Heart_PAD+_B3_proteinpilot,ALSAIAELLTSEHERVVK,492.279649,56.98,0.22,41643,4,1.7,0.9083
JF_171012_IDA_6600_Muscle_PAD-_B3_proteinpilot,ALSAIAELLTSEHERVVK,492.279649,58.37,#N/A,14678,4,-0.9,0.9196
JF_2ndPrep_IDA_6600_Liver_PAD+_4_proteinpilot,ALSAIAELLTSEHERVVK,656.037106,59.01,0.33,119184,3,1.5,0.9223
JF_171012_IDA_6600_Brain_PAD-_B2_proteinpilot,ALSAIAELLTSEHERVVK,492.279649,58.73,0.2,140435,4,-2.9,0.923
JF_171012_IDA_6600_Kidney_PAD-_B3_proteinpilot,ALSAIAELLTSEHERVVK,656.037106,58.67,0.12,77859,3,-7.5,0.9247
JF_171012_IDA_6600_Brain_PAD-_B1_proteinpilot,ALSAIAELLTSEHERVVK,656.037106,58.9,0.3,119827,3,-1.7,0.9264
JF_171012_IDA_6600_Heart_PAD-_B2_proteinpilot,ALSAIAELLTSEHERVVK,492.279649,56.71,0.19,93556,4,-4.1,0.9281
JF_2ndPrep_IDA_6600_Liver_PAD-_3_proteinpilot,ALSAIAELLTSEHERVVK,492.279649,58.29,0.1,47630,4,-2.6,0.9293
JF_171012_IDA_6600_Kidney_PAD+_B1_proteinpilot,ALSAIAELLTSEHERVVK,492.279649,59.09,0.29,103913,4,1.6,0.9317
JF_171012_IDA_6600_Brain_PAD+_B1_proteinpilot,ALSAIAELLTSEHERVVK,492.279649,59.09,0.21,59056,4,3.8,0.9334
JF_171012_IDA_6600_Brain_PAD-_B1_proteinpilot,ALSAIAELLTSEHERVVK,492.279649,58.84,0.21,119286,4,-2,0.9378
JF_171012_IDA_6600_Kidney_PAD+_B1_proteinpilot,ALSAIAELLTSEHERVVK,656.037106,59.09,0.28,82061,3,-1.6,0.9379
JF_171012_IDA_6600_Lung_PAD+_B2_proteinpilot,ALSAIAELLTSEHERVVK,656.037106,59,0.2,200907,3,-7.3,0.9403
JF_2ndPrep_IDA_6600_Liver_PAD+_4_proteinpilot,ALSAIAELLTSEHERVVK,492.279649,58.95,0.2,91542,4,4.1,0.9449
JF_2ndPrep_IDA_6600_Liver_PAD+_3_proteinpilot,ALSAIAELLTSEHERVVK,492.279649,59.09,0.26,114159,4,4.1,0.9498
JF_171012_IDA_6600_Lung_PAD+_B1_proteinpilot,ALSAIAELLTSEHERVVK,656.037106,58.68,0.14,207106,3,-3.5,0.9507
JF_171012_IDA_6600_Lung_PAD-_B1_proteinpilot,ALSAIAELLTSEHERVVK,492.279649,57.92,0.23,950203,4,-8,0.9546
JF_171012_IDA_6600_Lung_PAD-_B2_proteinpilot,ALSAIAELLTSEHERVVK,492.279649,58.26,0.23,996942,4,-7,0.9613
JF_171012_IDA_6600_Lung_PAD-_B3_proteinpilot,ALSAIAELLTSEHERVVK,656.037106,58.91,0.27,453544,3,-4.7,0.9622
JF_2ndPrep_IDA_6600_Liver_PAD+_5_proteinpilot,ALSAIAELLTSEHERVVK,492.279649,59.64,0.17,98024,4,-0.6,0.9642
JF_171012_IDA_6600_Brain_PAD+_B3_proteinpilot,ALSAIAELLTSEHERVVK,492.279649,58.07,0.18,91620,4,3.4,0.9644
JF_171012_IDA_6600_Brain_PAD-_B3_proteinpilot,ALSAIAELLTSEHERVVK,656.037106,58.08,0.19,177116,3,-3.7,0.9651
JF_171012_IDA_6600_Kidney_PAD+_B3_proteinpilot,ALSAIAELLTSEHERVVK,492.279649,58.19,0.19,214607,4,0.8,0.9674
JF_171012_IDA_6600_Lung_PAD+_B1_proteinpilot,ALSAIAELLTSEHERVVK,492.279649,58.68,0.22,548842,4,-1.5,0.9683
JF_171012_IDA_6600_Lung_PAD+_B2_proteinpilot,ALSAIAELLTSEHERVVK,492.279649,59,0.23,412249,4,-2.8,0.9726
JF_171012_IDA_6600_Kidney_PAD-_B1_proteinpilot,ALSAIAELLTSEHERVVK,656.037106,59.42,0.68,52844,3,-1.2,0.9726
JF_171012_IDA_6600_Lung_PAD-_B3_proteinpilot,ALSAIAELLTSEHERVVK,492.279649,58.91,0.24,614468,4,-5.6,0.9813
JF_171012_IDA_6600_Lung_PAD+_B3_proteinpilot,ALSAIAELLTSEHERVVK,492.279649,58.66,0.25,610509,4,-4.1,0.9817
JF_171012_IDA_6600_Lung_PAD-_B2_proteinpilot,ALSAIAELLTSEHERVVK,656.037106,58.26,0.2,723441,3,-4.6,0.9824
JF_171012_IDA_6600_Lung_PAD-_B1_proteinpilot,ALSAIAELLTSEHERVVK,656.037106,57.92,0.26,610723,3,-6.1,0.9827
JF_171012_IDA_6600_Brain_PAD-_B3_proteinpilot,ALSAIAELLTSEHERVVK,492.279649,58.14,0.19,156520,4,-5.6,0.9849
JF_2ndPrep_IDA_6600_Liver_PAD+_3_proteinpilot,ALSAIAELLTSEHERVVK,656.037106,59.03,0.26,126417,3,1.7,0.9851
JF_171012_IDA_6600_Brain_PAD+_B1_proteinpilot,AC[+57]EPVPAR[+1]DPC[+57]DPPGQPEVTNITRK,935.781331,37.12,0.16,17598,3,0.4,0.5104
JF_171012_IDA_6600_Brain_PAD-_B1_proteinpilot,AC[+57]EPVPAR[+1]DPC[+57]DPPGQPEVTNITRK,935.781331,36.87,0.11,12906,3,4.8,0.5206
JF_171012_IDA_6600_Heart_PAD+_B2_proteinpilot,AC[+57]EPVPAR[+1]DPC[+57]DPPGQPEVTNITRK,935.781331,36.02,0.27,33117,3,3.8,0.5672
JF_2ndPrep_IDA_6600_Liver_PAD+_5_proteinpilot,AC[+57]EPVPAR[+1]DPC[+57]DPPGQPEVTNITRK,935.781331,37.18,0.06,1102,3,-2.3,0.5781
JF_171012_IDA_6600_Kidney_PAD-_B1_proteinpilot,AC[+57]EPVPAR[+1]DPC[+57]DPPGQPEVTNITRK,935.781331,37.26,0.53,18496,3,0.2,0.5807
JF_171012_IDA_6600_Kidney_PAD+_B3_proteinpilot,AC[+57]EPVPAR[+1]DPC[+57]DPPGQPEVTNITRK,935.781331,36.78,0.12,7638,3,-4.3,0.5855
JF_171012_IDA_6600_Brain_PAD+_B2_proteinpilot,AC[+57]EPVPAR[+1]DPC[+57]DPPGQPEVTNITRK,935.781331,36.24,0.4,43032,3,-3,0.6141
JF_171012_IDA_6600_Brain_PAD+_B3_proteinpilot,AC[+57]EPVPAR[+1]DPC[+57]DPPGQPEVTNITRK,935.781331,36.01,0.44,33016,3,-2.4,0.6148
JF_171012_IDA_6600_Kidney_PAD-_B3_proteinpilot,AC[+57]EPVPAR[+1]DPC[+57]DPPGQPEVTNITRK,935.781331,36.74,0.18,9539,3,2.1,0.6154
JF_2ndPrep_IDA_6600_Liver_PAD+_3_proteinpilot,AC[+57]EPVPAR[+1]DPC[+57]DPPGQPEVTNITRK,935.781331,36.9,0.33,11210,3,-1,0.6206
JF_171012_IDA_6600_Heart_PAD-_B1_proteinpilot,AC[+57]EPVPAR[+1]DPC[+57]DPPGQPEVTNITRK,935.781331,36.55,0.26,16812,3,4.3,0.6448
JF_171012_IDA_6600_Lung_PAD-_B2_proteinpilot,AC[+57]EPVPAR[+1]DPC[+57]DPPGQPEVTNITRK,935.781331,36.27,0.09,13579,3,-0.5,0.6531
JF_171012_IDA_6600_Muscle_PAD-_B3_proteinpilot,AC[+57]EPVPAR[+1]DPC[+57]DPPGQPEVTNITRK,935.781331,36.05,0.08,16798,3,3.1,0.6669
JF_171012_IDA_6600_Heart_PAD+_B1_proteinpilot,AC[+57]EPVPAR[+1]DPC[+57]DPPGQPEVTNITRK,935.781331,36.43,0.52,24535,3,-1.7,0.6686
JF_171012_IDA_6600_Lung_PAD-_B3_proteinpilot,AC[+57]EPVPAR[+1]DPC[+57]DPPGQPEVTNITRK,935.781331,37.68,0.92,43692,3,-0.9,0.6766
JF_171012_IDA_6600_Heart_PAD+_B3_proteinpilot,AC[+57]EPVPAR[+1]DPC[+57]DPPGQPEVTNITRK,935.781331,36.81,0.93,50583,3,0.6,0.7139
JF_171012_IDA_6600_Heart_PAD-_B3_proteinpilot,AC[+57]EPVPAR[+1]DPC[+57]DPPGQPEVTNITRK,935.781331,36.09,0.58,33341,3,1.3,0.7144
JF_171012_IDA_6600_Lung_PAD+_B3_proteinpilot,AC[+57]EPVPAR[+1]DPC[+57]DPPGQPEVTNITRK,935.781331,37.33,0.62,43399,3,2.1,0.7212
JF_171012_IDA_6600_Kidney_PAD+_B1_proteinpilot,AC[+57]EPVPAR[+1]DPC[+57]DPPGQPEVTNITRK,935.781331,37.12,0.41,19566,3,-0.2,0.7678
JF_2ndPrep_IDA_6600_Liver_PAD-_3_proteinpilot,AC[+57]EPVPAR[+1]DPC[+57]DPPGQPEVTNITRK,935.781331,36.01,0.12,2488,3,2,0.7693
JF_2ndPrep_IDA_6600_Liver_PAD-_5_proteinpilot,AC[+57]EPVPAR[+1]DPC[+57]DPPGQPEVTNITRK,935.781331,36.29,0.06,1429,3,-0.2,0.7776
JF_171012_IDA_6600_Lung_PAD+_B2_proteinpilot,AC[+57]EPVPAR[+1]DPC[+57]DPPGQPEVTNITRK,935.781331,37.4,0.4,58466,3,0.6,0.7894
JF_171012_IDA_6600_Lung_PAD+_B1_proteinpilot,AC[+57]EPVPAR[+1]DPC[+57]DPPGQPEVTNITRK,935.781331,37.24,0.34,65293,3,-0.2,0.7942
JF_171012_IDA_6600_Muscle_PAD+_B1_proteinpilot,AC[+57]EPVPAR[+1]DPC[+57]DPPGQPEVTNITRK,935.781331,34.8,0.37,107772,3,0.2,0.831
JF_171012_IDA_6600_Heart_PAD-_B2_proteinpilot,AC[+57]EPVPAR[+1]DPC[+57]DPPGQPEVTNITRK,935.781331,35.49,0.36,12530,3,1.5,0.8438
JF_171012_IDA_6600_Brain_PAD-_B2_proteinpilot,AC[+57]EPVPAR[+1]DPC[+57]DPPGQPEVTNITRK,935.781331,36.47,0.23,8687,3,-0.5,0.8486
JF_171012_IDA_6600_Muscle_PAD-_B2_proteinpilot,AC[+57]EPVPAR[+1]DPC[+57]DPPGQPEVTNITRK,935.781331,35.81,0.17,10218,3,0,0.8548
JF_171012_IDA_6600_Brain_PAD-_B3_proteinpilot,AC[+57]EPVPAR[+1]DPC[+57]DPPGQPEVTNITRK,935.781331,35.99,0.56,37916,3,1,0.8592
JF_171012_IDA_6600_Muscle_PAD-_B1_proteinpilot,AC[+57]EPVPAR[+1]DPC[+57]DPPGQPEVTNITRK,935.781331,35.29,0.09,7894,3,2.9,0.86
JF_2ndPrep_IDA_6600_Liver_PAD+_4_proteinpilot,AC[+57]EPVPAR[+1]DPC[+57]DPPGQPEVTNITRK,935.781331,36.57,0.06,2617,3,0.1,0.8795
JF_171012_IDA_6600_Lung_PAD-_B1_proteinpilot,AC[+57]EPVPAR[+1]DPC[+57]DPPGQPEVTNITRK,935.781331,35.7,0.12,9885,3,0.4,0.8822
JF_2ndPrep_IDA_6600_Liver_PAD-_4_proteinpilot,AC[+57]EPVPAR[+1]DPC[+57]DPPGQPEVTNITRK,935.781331,36.17,0.06,2228,3,1.6,0.892
JF_171012_IDA_6600_Muscle_PAD+_B3_proteinpilot,AC[+57]EPVPAR[+1]DPC[+57]DPPGQPEVTNITRK,935.781331,35.8,0.21,470006,3,-6.8,0.9536
JF_171012_IDA_6600_Muscle_PAD+_B2_proteinpilot,AC[+57]EPVPAR[+1]DPC[+57]DPPGQPEVTNITRK,935.781331,35.76,0.21,477769,3,-6.4,0.9855
JF_2ndPrep_IDA_6600_Liver_PAD-_5_proteinpilot,AC[+57]EPVPARDPC[+57]DPPGQPEVTNITRK,935.453325,31.14,#N/A,455,3,5.4,0.347
JF_2ndPrep_IDA_6600_Liver_PAD+_3_proteinpilot,AC[+57]EPVPARDPC[+57]DPPGQPEVTNITRK,935.453325,31.33,0.06,14429,3,-5.1,0.4767
JF_171012_IDA_6600_Kidney_PAD-_B3_proteinpilot,AC[+57]EPVPARDPC[+57]DPPGQPEVTNITRK,935.453325,31.19,0.12,5921,3,-0.1,0.4879
JF_171012_IDA_6600_Kidney_PAD+_B1_proteinpilot,AC[+57]EPVPARDPC[+57]DPPGQPEVTNITRK,935.453325,31.6,0.33,48467,3,5.1,0.5185
JF_171012_IDA_6600_Heart_PAD+_B3_proteinpilot,AC[+57]EPVPARDPC[+57]DPPGQPEVTNITRK,935.453325,30.35,0.2,10430,3,-1.8,0.5314
JF_2ndPrep_IDA_6600_Liver_PAD+_5_proteinpilot,AC[+57]EPVPARDPC[+57]DPPGQPEVTNITRK,935.453325,32.51,0.31,22794,3,4.3,0.5346
JF_2ndPrep_IDA_6600_Liver_PAD+_4_proteinpilot,AC[+57]EPVPARDPC[+57]DPPGQPEVTNITRK,935.453325,31.34,0.2,19309,3,6.2,0.5388
JF_2ndPrep_IDA_6600_Liver_PAD-_4_proteinpilot,AC[+57]EPVPARDPC[+57]DPPGQPEVTNITRK,701.841813,31.18,0.1,7081,4,-0.9,0.5523
JF_2ndPrep_IDA_6600_Liver_PAD-_4_proteinpilot,AC[+57]EPVPARDPC[+57]DPPGQPEVTNITRK,935.453325,31.24,0.06,3439,3,4.7,0.567
JF_171012_IDA_6600_Brain_PAD+_B2_proteinpilot,AC[+57]EPVPARDPC[+57]DPPGQPEVTNITRK,701.841813,30.54,0.38,51184,4,5.7,0.5936
JF_2ndPrep_IDA_6600_Liver_PAD+_3_proteinpilot,AC[+57]EPVPARDPC[+57]DPPGQPEVTNITRK,701.841813,31.51,0.18,43055,4,6,0.5963
JF_171012_IDA_6600_Kidney_PAD+_B3_proteinpilot,AC[+57]EPVPARDPC[+57]DPPGQPEVTNITRK,701.841813,30.87,0.35,70509,4,1,0.6053
JF_2ndPrep_IDA_6600_Liver_PAD+_4_proteinpilot,AC[+57]EPVPARDPC[+57]DPPGQPEVTNITRK,701.841813,31.4,0.32,59697,4,3,0.6112
JF_171012_IDA_6600_Brain_PAD-_B3_proteinpilot,AC[+57]EPVPARDPC[+57]DPPGQPEVTNITRK,701.841813,31.21,#N/A,42543,4,3.5,0.612
JF_171012_IDA_6600_Brain_PAD+_B1_proteinpilot,AC[+57]EPVPARDPC[+57]DPPGQPEVTNITRK,701.841813,31.47,0.11,37941,4,3.3,0.6214
JF_171012_IDA_6600_Lung_PAD+_B1_proteinpilot,AC[+57]EPVPARDPC[+57]DPPGQPEVTNITRK,701.841813,31,0.38,363182,4,-3.9,0.6328
JF_171012_IDA_6600_Lung_PAD+_B1_proteinpilot,AC[+57]EPVPARDPC[+57]DPPGQPEVTNITRK,935.453325,31.06,0.32,17809,3,3.2,0.6417
JF_171012_IDA_6600_Brain_PAD+_B3_proteinpilot,AC[+57]EPVPARDPC[+57]DPPGQPEVTNITRK,935.453325,31.25,0.85,50701,3,-1.1,0.6618
JF_171012_IDA_6600_Brain_PAD-_B2_proteinpilot,AC[+57]EPVPARDPC[+57]DPPGQPEVTNITRK,701.841813,31.41,0.29,60865,4,-1.1,0.6743
JF_171012_IDA_6600_Lung_PAD+_B3_proteinpilot,AC[+57]EPVPARDPC[+57]DPPGQPEVTNITRK,935.453325,32.15,0.85,27056,3,1.3,0.6776
JF_171012_IDA_6600_Lung_PAD-_B2_proteinpilot,AC[+57]EPVPARDPC[+57]DPPGQPEVTNITRK,701.841813,31.61,0.38,136460,4,3.8,0.6794
JF_2ndPrep_IDA_6600_Liver_PAD-_3_proteinpilot,AC[+57]EPVPARDPC[+57]DPPGQPEVTNITRK,701.841813,30.33,0.35,82210,4,-3.6,0.6859
JF_171012_IDA_6600_Kidney_PAD-_B1_proteinpilot,AC[+57]EPVPARDPC[+57]DPPGQPEVTNITRK,935.453325,32.2,0.4,15157,3,-0.2,0.6961
JF_171012_IDA_6600_Brain_PAD+_B3_proteinpilot,AC[+57]EPVPARDPC[+57]DPPGQPEVTNITRK,701.841813,31.43,0.74,317380,4,-0.2,0.7134
JF_171012_IDA_6600_Kidney_PAD-_B1_proteinpilot,AC[+57]EPVPARDPC[+57]DPPGQPEVTNITRK,701.841813,32.2,0.51,66431,4,0.4,0.7157
JF_2ndPrep_IDA_6600_Liver_PAD-_5_proteinpilot,AC[+57]EPVPARDPC[+57]DPPGQPEVTNITRK,701.841813,31.32,0.1,8517,4,2,0.7197
JF_2ndPrep_IDA_6600_Liver_PAD+_5_proteinpilot,AC[+57]EPVPARDPC[+57]DPPGQPEVTNITRK,701.841813,32.1,0.11,24791,4,1.6,0.725
JF_171012_IDA_6600_Brain_PAD+_B1_proteinpilot,AC[+57]EPVPARDPC[+57]DPPGQPEVTNITRK,935.453325,31.53,0.06,3296,3,1.2,0.7311
JF_171012_IDA_6600_Muscle_PAD-_B2_proteinpilot,AC[+57]EPVPARDPC[+57]DPPGQPEVTNITRK,935.453325,30.73,0.34,21263,3,-0.2,0.7475
JF_171012_IDA_6600_Brain_PAD-_B3_proteinpilot,AC[+57]EPVPARDPC[+57]DPPGQPEVTNITRK,935.453325,30.98,0.06,2672,3,-3.8,0.7477
JF_171012_IDA_6600_Lung_PAD+_B2_proteinpilot,AC[+57]EPVPARDPC[+57]DPPGQPEVTNITRK,935.453325,32.01,0.13,11234,3,-0.8,0.7487
JF_171012_IDA_6600_Kidney_PAD+_B3_proteinpilot,AC[+57]EPVPARDPC[+57]DPPGQPEVTNITRK,935.453325,31.4,0.81,28845,3,-2.6,0.7519
JF_171012_IDA_6600_Lung_PAD+_B3_proteinpilot,AC[+57]EPVPARDPC[+57]DPPGQPEVTNITRK,701.841813,32.04,0.71,117278,4,-2.8,0.7529
JF_171012_IDA_6600_Lung_PAD-_B3_proteinpilot,AC[+57]EPVPARDPC[+57]DPPGQPEVTNITRK,701.841813,32.11,0.64,226653,4,3.6,0.7573
JF_171012_IDA_6600_Heart_PAD+_B2_proteinpilot,AC[+57]EPVPARDPC[+57]DPPGQPEVTNITRK,935.453325,29.99,0.1,16842,3,-0.9,0.7652
JF_171012_IDA_6600_Kidney_PAD-_B3_proteinpilot,AC[+57]EPVPARDPC[+57]DPPGQPEVTNITRK,701.841813,31.13,0.14,33772,4,1.8,0.7677
JF_171012_IDA_6600_Brain_PAD-_B1_proteinpilot,AC[+57]EPVPARDPC[+57]DPPGQPEVTNITRK,935.453325,31.69,0.21,19068,3,-1.1,0.7694
JF_171012_IDA_6600_Kidney_PAD+_B1_proteinpilot,AC[+57]EPVPARDPC[+57]DPPGQPEVTNITRK,701.841813,31.9,0.52,51118,4,-3.8,0.7788
JF_171012_IDA_6600_Heart_PAD+_B3_proteinpilot,AC[+57]EPVPARDPC[+57]DPPGQPEVTNITRK,701.841813,30.58,0.6,1936861,4,-3.5,0.7868
JF_171012_IDA_6600_Heart_PAD+_B2_proteinpilot,AC[+57]EPVPARDPC[+57]DPPGQPEVTNITRK,701.841813,30.45,0.58,2304189,4,-3.6,0.8007
JF_171012_IDA_6600_Heart_PAD+_B1_proteinpilot,AC[+57]EPVPARDPC[+57]DPPGQPEVTNITRK,701.841813,30.82,0.61,1478542,4,-2.8,0.8048
JF_171012_IDA_6600_Muscle_PAD-_B2_proteinpilot,AC[+57]EPVPARDPC[+57]DPPGQPEVTNITRK,701.841813,30.34,0.35,93201,4,-2.9,0.8096
JF_171012_IDA_6600_Muscle_PAD+_B1_proteinpilot,AC[+57]EPVPARDPC[+57]DPPGQPEVTNITRK,701.841813,29.06,0.33,3160663,4,-3.6,0.8097
JF_171012_IDA_6600_Muscle_PAD+_B2_proteinpilot,AC[+57]EPVPARDPC[+57]DPPGQPEVTNITRK,701.841813,30.3,0.39,2690672,4,-4.4,0.8123
JF_171012_IDA_6600_Lung_PAD+_B2_proteinpilot,AC[+57]EPVPARDPC[+57]DPPGQPEVTNITRK,701.841813,32.01,0.4,83713,4,-2.5,0.8128
JF_171012_IDA_6600_Lung_PAD-_B1_proteinpilot,AC[+57]EPVPARDPC[+57]DPPGQPEVTNITRK,701.841813,30.34,0.11,38264,4,0.3,0.8192
JF_171012_IDA_6600_Brain_PAD-_B1_proteinpilot,AC[+57]EPVPARDPC[+57]DPPGQPEVTNITRK,701.841813,31.99,0.26,112106,4,-2.1,0.8232
JF_171012_IDA_6600_Brain_PAD-_B2_proteinpilot,AC[+57]EPVPARDPC[+57]DPPGQPEVTNITRK,935.453325,31.76,0.26,9563,3,-3.6,0.8302
JF_2ndPrep_IDA_6600_Liver_PAD-_3_proteinpilot,AC[+57]EPVPARDPC[+57]DPPGQPEVTNITRK,935.453325,30.8,0.06,1631,3,0.8,0.8545
JF_171012_IDA_6600_Brain_PAD+_B2_proteinpilot,AC[+57]EPVPARDPC[+57]DPPGQPEVTNITRK,935.453325,30.31,0.1,5361,3,1.5,0.858
JF_171012_IDA_6600_Lung_PAD-_B1_proteinpilot,AC[+57]EPVPARDPC[+57]DPPGQPEVTNITRK,935.453325,30.28,0.11,10186,3,-1,0.8581
JF_171012_IDA_6600_Lung_PAD-_B2_proteinpilot,AC[+57]EPVPARDPC[+57]DPPGQPEVTNITRK,935.453325,31.61,0.2,9728,3,-1.3,0.863
JF_171012_IDA_6600_Heart_PAD-_B1_proteinpilot,AC[+57]EPVPARDPC[+57]DPPGQPEVTNITRK,701.841813,30.98,0.22,1367032,4,-0.1,0.8674
JF_171012_IDA_6600_Heart_PAD-_B3_proteinpilot,AC[+57]EPVPARDPC[+57]DPPGQPEVTNITRK,701.841813,30.05,0.56,1327296,4,-1.4,0.8707
JF_171012_IDA_6600_Muscle_PAD-_B3_proteinpilot,AC[+57]EPVPARDPC[+57]DPPGQPEVTNITRK,701.841813,30.94,0.36,1686775,4,-0.5,0.8878
JF_171012_IDA_6600_Heart_PAD+_B1_proteinpilot,AC[+57]EPVPARDPC[+57]DPPGQPEVTNITRK,935.453325,30.36,0.1,14128,3,-0.7,0.8908
JF_171012_IDA_6600_Heart_PAD-_B2_proteinpilot,AC[+57]EPVPARDPC[+57]DPPGQPEVTNITRK,701.841813,29.86,0.38,1723508,4,-0.5,0.8958
JF_171012_IDA_6600_Muscle_PAD+_B3_proteinpilot,AC[+57]EPVPARDPC[+57]DPPGQPEVTNITRK,701.841813,30.47,0.25,1938252,4,-5.7,0.9
JF_171012_IDA_6600_Muscle_PAD+_B1_proteinpilot,AC[+57]EPVPARDPC[+57]DPPGQPEVTNITRK,935.453325,28.95,0.22,222362,3,-4.9,0.9063
JF_171012_IDA_6600_Muscle_PAD+_B2_proteinpilot,AC[+57]EPVPARDPC[+57]DPPGQPEVTNITRK,935.453325,30.3,0.25,168869,3,-5.1,0.9082
JF_171012_IDA_6600_Muscle_PAD-_B1_proteinpilot,AC[+57]EPVPARDPC[+57]DPPGQPEVTNITRK,701.841813,29.51,0.24,3636938,4,-3.2,0.921
JF_171012_IDA_6600_Heart_PAD-_B3_proteinpilot,AC[+57]EPVPARDPC[+57]DPPGQPEVTNITRK,935.453325,29.82,0.55,155736,3,-2.4,0.9274
JF_171012_IDA_6600_Muscle_PAD+_B3_proteinpilot,AC[+57]EPVPARDPC[+57]DPPGQPEVTNITRK,935.453325,30.47,0.22,145902,3,-3.7,0.9446
JF_171012_IDA_6600_Muscle_PAD-_B1_proteinpilot,AC[+57]EPVPARDPC[+57]DPPGQPEVTNITRK,935.453325,29.51,0.24,515761,3,-6.1,0.9544
JF_171012_IDA_6600_Lung_PAD-_B3_proteinpilot,AC[+57]EPVPARDPC[+57]DPPGQPEVTNITRK,935.453325,31.82,0.32,19687,3,-1.8,0.9546
JF_171012_IDA_6600_Muscle_PAD-_B3_proteinpilot,AC[+57]EPVPARDPC[+57]DPPGQPEVTNITRK,935.453325,30.94,0.2,166300,3,-4.1,0.955
JF_171012_IDA_6600_Heart_PAD-_B1_proteinpilot,AC[+57]EPVPARDPC[+57]DPPGQPEVTNITRK,935.453325,30.63,0.23,131061,3,-2.4,0.9598
JF_171012_IDA_6600_Heart_PAD-_B2_proteinpilot,AC[+57]EPVPARDPC[+57]DPPGQPEVTNITRK,935.453325,29.75,0.32,231312,3,-0.6,0.9613
JF_171012_IDA_6600_Brain_PAD+_B3_proteinpilot,AAPVEWR[+1]K,479.261259,#N/A,#N/A,0,2,#N/A,0
JF_171012_IDA_6600_Lung_PAD+_B2_proteinpilot,AAPVEWR[+1]K,479.261259,#N/A,#N/A,0,2,#N/A,0
JF_171012_IDA_6600_Muscle_PAD+_B1_proteinpilot,AAPVEWR[+1]K,479.261259,#N/A,#N/A,0,2,#N/A,0
JF_171012_IDA_6600_Kidney_PAD+_B3_proteinpilot,AAPVEWR[+1]K,479.261259,21.71,0.06,6555,2,-6.2,0.3805
JF_2ndPrep_IDA_6600_Liver_PAD-_5_proteinpilot,AAPVEWR[+1]K,479.261259,21.07,0.06,4063,2,-5.5,0.3805
JF_2ndPrep_IDA_6600_Liver_PAD-_4_proteinpilot,AAPVEWR[+1]K,479.261259,20.54,#N/A,128170,2,-2.5,0.5027
JF_171012_IDA_6600_Lung_PAD-_B2_proteinpilot,AAPVEWR[+1]K,479.261259,21.12,0.16,203676,2,-5.6,0.541
JF_171012_IDA_6600_Lung_PAD+_B3_proteinpilot,AAPVEWR[+1]K,479.261259,17.71,0.22,993242,2,-4.9,0.715
JF_171012_IDA_6600_Brain_PAD-_B3_proteinpilot,AAPVEWR[+1]K,479.261259,20.73,0.44,703404,2,-4.1,0.7786
JF_2ndPrep_IDA_6600_Liver_PAD+_5_proteinpilot,AAPVEWR[+1]K,479.261259,22.26,0.25,119218,2,-2.6,0.7819
JF_171012_IDA_6600_Lung_PAD-_B1_proteinpilot,AAPVEWR[+1]K,479.261259,20.19,0.2,293860,2,-1.9,0.7831
JF_171012_IDA_6600_Muscle_PAD-_B3_proteinpilot,AAPVEWR[+1]K,479.261259,20.8,0.32,156746,2,-2,0.7837
JF_171012_IDA_6600_Heart_PAD+_B2_proteinpilot,AAPVEWR[+1]K,479.261259,20.41,0.34,1677991,2,3.7,0.7841
JF_171012_IDA_6600_Kidney_PAD+_B1_proteinpilot,AAPVEWR[+1]K,479.261259,21.35,0.39,436487,2,0.1,0.7848
JF_171012_IDA_6600_Lung_PAD+_B1_proteinpilot,AAPVEWR[+1]K,479.261259,21.18,0.37,240291,2,-1.7,0.7888
JF_171012_IDA_6600_Lung_PAD-_B3_proteinpilot,AAPVEWR[+1]K,479.261259,21.27,0.18,155268,2,-3.3,0.7904
JF_171012_IDA_6600_Brain_PAD-_B2_proteinpilot,AAPVEWR[+1]K,479.261259,24.68,0.67,666227,2,-1.8,0.792
JF_2ndPrep_IDA_6600_Liver_PAD-_3_proteinpilot,AAPVEWR[+1]K,479.261259,21.38,0.21,159292,2,-0.5,0.8118
JF_171012_IDA_6600_Heart_PAD+_B1_proteinpilot,AAPVEWR[+1]K,479.261259,20.78,0.41,1566661,2,2.5,0.8479
JF_171012_IDA_6600_Muscle_PAD+_B3_proteinpilot,AAPVEWR[+1]K,479.261259,21.57,0.2,2186269,2,-7,0.8483
JF_171012_IDA_6600_Heart_PAD+_B3_proteinpilot,AAPVEWR[+1]K,479.261259,20.46,0.35,1463502,2,2.7,0.8527
JF_2ndPrep_IDA_6600_Liver_PAD+_3_proteinpilot,AAPVEWR[+1]K,479.261259,20.98,0.92,253935,2,-0.3,0.8946
JF_171012_IDA_6600_Muscle_PAD+_B2_proteinpilot,AAPVEWR[+1]K,479.261259,21.42,0.25,2917612,2,-8.1,0.9108
JF_2ndPrep_IDA_6600_Liver_PAD+_4_proteinpilot,AAPVEWR[+1]K,479.261259,21.61,0.5,195392,2,1.2,0.9132
JF_171012_IDA_6600_Heart_PAD-_B3_proteinpilot,AAPVEWR[+1]K,479.261259,21.38,0.14,1283686,2,2.8,0.9144
JF_171012_IDA_6600_Heart_PAD-_B1_proteinpilot,AAPVEWR[+1]K,479.261259,20.99,0.74,1058228,2,0.1,0.9201
JF_171012_IDA_6600_Kidney_PAD-_B3_proteinpilot,AAPVEWR[+1]K,479.261259,23.57,0.25,606114,2,-5.5,0.9421
JF_171012_IDA_6600_Brain_PAD-_B1_proteinpilot,AAPVEWR[+1]K,479.261259,21.32,0.18,532692,2,-4.1,0.9499
JF_171012_IDA_6600_Heart_PAD-_B2_proteinpilot,AAPVEWR[+1]K,479.261259,21.01,0.16,1467734,2,-0.5,0.9539
JF_171012_IDA_6600_Brain_PAD+_B2_proteinpilot,AAPVEWR[+1]K,479.261259,17.96,0.16,839663,2,5.6,0.9565
JF_171012_IDA_6600_Kidney_PAD-_B1_proteinpilot,AAPVEWR[+1]K,479.261259,24,0.17,790781,2,-6.7,0.9578
JF_171012_IDA_6600_Brain_PAD+_B1_proteinpilot,AAPVEWR[+1]K,479.261259,18.95,0.17,667926,2,5.2,0.9809
JF_171012_IDA_6600_Muscle_PAD-_B2_proteinpilot,AAPVEWR[+1]K,479.261259,21.1,0.17,3778169,2,-5.7,0.9834
JF_171012_IDA_6600_Muscle_PAD-_B1_proteinpilot,AAPVEWR[+1]K,479.261259,19.69,0.22,3914868,2,-4.4,0.9881
JF_171012_IDA_6600_Muscle_PAD+_B1_proteinpilot,AAPVEWRK,478.769251,11.57,0.07,5751,2,1.4,0.2021
JF_2ndPrep_IDA_6600_Liver_PAD-_5_proteinpilot,AAPVEWRK,478.769251,13.64,0.08,12197,2,-7.3,0.3889
JF_2ndPrep_IDA_6600_Liver_PAD+_5_proteinpilot,AAPVEWRK,478.769251,14.55,0.25,247155,2,-1.5,0.4746
JF_2ndPrep_IDA_6600_Liver_PAD+_4_proteinpilot,AAPVEWRK,478.769251,14.12,0.22,384579,2,6.1,0.4757
JF_2ndPrep_IDA_6600_Liver_PAD+_3_proteinpilot,AAPVEWRK,478.769251,14.18,0.23,365173,2,6.8,0.4784
JF_171012_IDA_6600_Brain_PAD-_B2_proteinpilot,AAPVEWRK,478.769251,13.27,0.24,74002,2,-4,0.5401
JF_171012_IDA_6600_Kidney_PAD+_B3_proteinpilot,AAPVEWRK,478.769251,13.58,0.25,184958,2,0.6,0.5467
JF_171012_IDA_6600_Lung_PAD+_B2_proteinpilot,AAPVEWRK,478.769251,13.95,0.54,177325,2,-2.9,0.5505
JF_171012_IDA_6600_Kidney_PAD+_B1_proteinpilot,AAPVEWRK,478.769251,13.62,0.27,74461,2,-1.2,0.5566
JF_2ndPrep_IDA_6600_Liver_PAD-_4_proteinpilot,AAPVEWRK,478.769251,13.86,0.61,51691,2,-2.7,0.6584
JF_2ndPrep_IDA_6600_Liver_PAD-_3_proteinpilot,AAPVEWRK,478.769251,13.44,0.06,16909,2,-7.6,0.679
JF_171012_IDA_6600_Lung_PAD+_B1_proteinpilot,AAPVEWRK,478.769251,13.86,0.27,277706,2,-3.9,0.6838
JF_171012_IDA_6600_Brain_PAD+_B1_proteinpilot,AAPVEWRK,478.769251,13.87,0.43,101445,2,2.3,0.6931
JF_171012_IDA_6600_Heart_PAD+_B2_proteinpilot,AAPVEWRK,478.769251,12.53,0.22,103011,2,3.5,0.7102
JF_171012_IDA_6600_Lung_PAD+_B3_proteinpilot,AAPVEWRK,478.769251,13.79,0.79,254051,2,-2.8,0.7124
JF_171012_IDA_6600_Lung_PAD-_B1_proteinpilot,AAPVEWRK,478.769251,13.06,0.14,81854,2,-5.7,0.7199
JF_171012_IDA_6600_Brain_PAD+_B2_proteinpilot,AAPVEWRK,478.769251,13,0.34,113369,2,3.1,0.721
JF_171012_IDA_6600_Kidney_PAD-_B3_proteinpilot,AAPVEWRK,478.769251,13.72,0.15,82961,2,-1.6,0.7229
JF_171012_IDA_6600_Brain_PAD+_B3_proteinpilot,AAPVEWRK,478.769251,13.03,0.31,107416,2,2,0.7234
JF_171012_IDA_6600_Muscle_PAD+_B3_proteinpilot,AAPVEWRK,478.769251,13.01,0.17,42839,2,-1.4,0.7526
JF_171012_IDA_6600_Lung_PAD-_B3_proteinpilot,AAPVEWRK,478.769251,14.08,0.23,47774,2,1.3,0.7589
JF_171012_IDA_6600_Lung_PAD-_B2_proteinpilot,AAPVEWRK,478.769251,12.93,0.11,60305,2,-4.2,0.8516
JF_171012_IDA_6600_Brain_PAD-_B1_proteinpilot,AAPVEWRK,478.769251,14.62,0.11,149496,2,1.5,0.8532
JF_171012_IDA_6600_Heart_PAD-_B1_proteinpilot,AAPVEWRK,478.769251,12.98,0.28,273476,2,-4.9,0.8747
JF_171012_IDA_6600_Heart_PAD-_B2_proteinpilot,AAPVEWRK,478.769251,12.05,0.12,201377,2,-5.2,0.8815
JF_171012_IDA_6600_Kidney_PAD-_B1_proteinpilot,AAPVEWRK,478.769251,14.2,0.21,28404,2,0,0.89
JF_171012_IDA_6600_Muscle_PAD+_B2_proteinpilot,AAPVEWRK,478.769251,12.72,0.25,63991,2,-1.9,0.893
JF_171012_IDA_6600_Heart_PAD+_B3_proteinpilot,AAPVEWRK,478.769251,13.08,0.22,154877,2,0.5,0.8995
JF_171012_IDA_6600_Brain_PAD-_B3_proteinpilot,AAPVEWRK,478.769251,14.12,0.64,223308,2,0.3,0.9016
JF_171012_IDA_6600_Muscle_PAD-_B3_proteinpilot,AAPVEWRK,478.769251,13.19,0.25,377887,2,-3.3,0.9268
JF_171012_IDA_6600_Heart_PAD+_B1_proteinpilot,AAPVEWRK,478.769251,12.83,0.27,297005,2,3.9,0.947
JF_171012_IDA_6600_Heart_PAD-_B3_proteinpilot,AAPVEWRK,478.769251,13.52,0.41,459824,2,-0.6,0.9484
JF_171012_IDA_6600_Muscle_PAD-_B1_proteinpilot,AAPVEWRK,478.769251,11.95,0.19,698498,2,-6.2,0.9758
JF_171012_IDA_6600_Muscle_PAD-_B2_proteinpilot,AAPVEWRK,478.769251,12.59,0.17,520073,2,-5.6,0.9905
JF_2ndPrep_IDA_6600_Liver_PAD-_3_proteinpilot,AAEVPAPIR[+1]DLSMK,749.900334,53.53,0.11,3438,2,1.3,0.469
JF_171012_IDA_6600_Kidney_PAD-_B1_proteinpilot,AAEVPAPIR[+1]DLSMK,749.900334,54.26,0.49,92617,2,1.5,0.6645
JF_171012_IDA_6600_Brain_PAD-_B2_proteinpilot,AAEVPAPIR[+1]DLSMK,749.900334,54.3,0.17,36556,2,0.9,0.6784
JF_171012_IDA_6600_Heart_PAD-_B1_proteinpilot,AAEVPAPIR[+1]DLSMK,749.900334,52.6,0.42,283375,2,4.2,0.6864
JF_2ndPrep_IDA_6600_Liver_PAD-_4_proteinpilot,AAEVPAPIR[+1]DLSMK,749.900334,54.17,0.06,7971,2,-5.5,0.6931
JF_2ndPrep_IDA_6600_Liver_PAD+_3_proteinpilot,AAEVPAPIR[+1]DLSMK,749.900334,54.8,0.58,152219,2,-1.5,0.6959
JF_171012_IDA_6600_Kidney_PAD+_B3_proteinpilot,AAEVPAPIR[+1]DLSMK,749.900334,53.51,0.55,119195,2,0.7,0.7597
JF_171012_IDA_6600_Heart_PAD-_B2_proteinpilot,AAEVPAPIR[+1]DLSMK,749.900334,52.3,0.3,651312,2,5.8,0.785
JF_171012_IDA_6600_Heart_PAD+_B2_proteinpilot,AAEVPAPIR[+1]DLSMK,749.900334,53.76,0.25,2054278,2,-2.2,0.7901
JF_171012_IDA_6600_Brain_PAD+_B2_proteinpilot,AAEVPAPIR[+1]DLSMK,749.900334,54.03,0.27,243912,2,-4.3,0.8009
JF_171012_IDA_6600_Brain_PAD-_B1_proteinpilot,AAEVPAPIR[+1]DLSMK,749.900334,54.41,0.15,38668,2,-3.6,0.8083
JF_2ndPrep_IDA_6600_Liver_PAD+_5_proteinpilot,AAEVPAPIR[+1]DLSMK,749.900334,54.51,0.07,15236,2,-0.9,0.8127
JF_171012_IDA_6600_Lung_PAD+_B1_proteinpilot,AAEVPAPIR[+1]DLSMK,749.900334,55.02,0.49,759012,2,2,0.817
JF_171012_IDA_6600_Heart_PAD+_B3_proteinpilot,AAEVPAPIR[+1]DLSMK,749.900334,53.88,0.53,1485221,2,-1.6,0.8228
JF_171012_IDA_6600_Muscle_PAD-_B1_proteinpilot,AAEVPAPIR[+1]DLSMK,749.900334,52.83,0.23,225164,2,-2.3,0.8355
JF_171012_IDA_6600_Heart_PAD+_B1_proteinpilot,AAEVPAPIR[+1]DLSMK,749.900334,54.23,0.5,1194968,2,-0.3,0.8395
JF_171012_IDA_6600_Brain_PAD+_B1_proteinpilot,AAEVPAPIR[+1]DLSMK,749.900334,54.72,0.97,137548,2,0.1,0.8608
JF_171012_IDA_6600_Brain_PAD-_B3_proteinpilot,AAEVPAPIR[+1]DLSMK,749.900334,53.65,0.14,25284,2,0.6,0.8618
JF_2ndPrep_IDA_6600_Liver_PAD+_4_proteinpilot,AAEVPAPIR[+1]DLSMK,749.900334,53.96,0.07,16247,2,1.4,0.8627
JF_2ndPrep_IDA_6600_Liver_PAD-_5_proteinpilot,AAEVPAPIR[+1]DLSMK,749.900334,53.07,0.29,77728,2,-0.3,0.8704
JF_171012_IDA_6600_Lung_PAD+_B3_proteinpilot,AAEVPAPIR[+1]DLSMK,749.900334,54.82,0.26,880119,2,1.5,0.8876
JF_171012_IDA_6600_Lung_PAD-_B1_proteinpilot,AAEVPAPIR[+1]DLSMK,749.900334,54.02,0.11,132870,2,4.8,0.8903
JF_171012_IDA_6600_Heart_PAD-_B3_proteinpilot,AAEVPAPIR[+1]DLSMK,749.900334,53.64,#N/A,479772,2,6.2,0.891
JF_171012_IDA_6600_Muscle_PAD+_B3_proteinpilot,AAEVPAPIR[+1]DLSMK,749.900334,54.41,0.3,4489101,2,-1.8,0.8963
JF_171012_IDA_6600_Kidney_PAD+_B1_proteinpilot,AAEVPAPIR[+1]DLSMK,749.900334,53.84,0.13,55066,2,-1.8,0.9024
JF_171012_IDA_6600_Kidney_PAD-_B3_proteinpilot,AAEVPAPIR[+1]DLSMK,749.900334,54.12,0.12,36630,2,1.8,0.9116
JF_171012_IDA_6600_Muscle_PAD-_B2_proteinpilot,AAEVPAPIR[+1]DLSMK,749.900334,53.89,#N/A,311636,2,-0.4,0.9169
JF_171012_IDA_6600_Lung_PAD-_B2_proteinpilot,AAEVPAPIR[+1]DLSMK,749.900334,54.67,0.21,1270329,2,6.8,0.9204
JF_171012_IDA_6600_Muscle_PAD+_B2_proteinpilot,AAEVPAPIR[+1]DLSMK,749.900334,54.27,0.53,3648388,2,0.3,0.9253
JF_171012_IDA_6600_Lung_PAD-_B3_proteinpilot,AAEVPAPIR[+1]DLSMK,749.900334,55.07,0.31,599405,2,6.7,0.9292
JF_171012_IDA_6600_Muscle_PAD+_B1_proteinpilot,AAEVPAPIR[+1]DLSMK,749.900334,52.78,0.41,4513214,2,1.5,0.9382
JF_171012_IDA_6600_Muscle_PAD-_B3_proteinpilot,AAEVPAPIR[+1]DLSMK,749.900334,54.5,0.43,212763,2,2.6,0.9391
JF_171012_IDA_6600_Brain_PAD+_B3_proteinpilot,AAEVPAPIR[+1]DLSMK,749.900334,53.58,0.23,95675,2,-4.4,0.9475
JF_171012_IDA_6600_Lung_PAD+_B2_proteinpilot,AAEVPAPIR[+1]DLSMK,749.900334,55.21,0.11,511561,2,0.8,0.9545
JF_171012_IDA_6600_Heart_PAD-_B1_proteinpilot,AAEVPAPIRDLSMK,499.941309,44.99,0.06,26840,3,-8.8,0.413
JF_171012_IDA_6600_Brain_PAD-_B1_proteinpilot,AAEVPAPIRDLSMK,499.941309,44.15,0.1,139637,3,-7.4,0.5337
JF_2ndPrep_IDA_6600_Liver_PAD+_4_proteinpilot,AAEVPAPIRDLSMK,499.941309,44.37,0.12,183796,3,2.5,0.5598
JF_171012_IDA_6600_Muscle_PAD+_B3_proteinpilot,AAEVPAPIRDLSMK,499.941309,44.03,0.07,36971,3,-4.5,0.5807
JF_171012_IDA_6600_Lung_PAD-_B3_proteinpilot,AAEVPAPIRDLSMK,499.941309,45.6,0.18,179696,3,3.6,0.5845
JF_171012_IDA_6600_Kidney_PAD+_B3_proteinpilot,AAEVPAPIRDLSMK,499.941309,43.55,0.88,310396,3,-2.7,0.6678
JF_171012_IDA_6600_Lung_PAD+_B1_proteinpilot,AAEVPAPIRDLSMK,499.941309,45.46,0.21,231477,3,4,0.6731
JF_171012_IDA_6600_Brain_PAD+_B2_proteinpilot,AAEVPAPIRDLSMK,499.941309,44.87,0.13,48484,3,-2.5,0.693
JF_171012_IDA_6600_Brain_PAD-_B3_proteinpilot,AAEVPAPIRDLSMK,499.941309,44.93,0.15,56123,3,-2.7,0.7005
JF_2ndPrep_IDA_6600_Liver_PAD+_3_proteinpilot,AAEVPAPIRDLSMK,499.941309,43.07,0.94,644197,3,0.6,0.7242
JF_171012_IDA_6600_Brain_PAD+_B3_proteinpilot,AAEVPAPIRDLSMK,499.941309,44.42,0.22,27127,3,1,0.7599
JF_171012_IDA_6600_Kidney_PAD+_B1_proteinpilot,AAEVPAPIRDLSMK,499.941309,44.6,0.35,107067,3,4.4,0.7614
JF_171012_IDA_6600_Brain_PAD+_B1_proteinpilot,AAEVPAPIRDLSMK,499.941309,45.29,0.53,74438,3,-1.4,0.7791
JF_171012_IDA_6600_Muscle_PAD+_B1_proteinpilot,AAEVPAPIRDLSMK,499.941309,42.75,0.38,1212282,3,-6.9,0.7853
JF_171012_IDA_6600_Brain_PAD-_B2_proteinpilot,AAEVPAPIRDLSMK,499.941309,44.98,0.06,13064,3,-3.3,0.7928
JF_171012_IDA_6600_Kidney_PAD-_B3_proteinpilot,AAEVPAPIRDLSMK,499.941309,45.23,0.06,7307,3,-0.3,0.8077
JF_171012_IDA_6600_Lung_PAD+_B3_proteinpilot,AAEVPAPIRDLSMK,499.941309,44.1,0.44,159288,3,-2.7,0.8093
JF_171012_IDA_6600_Lung_PAD+_B2_proteinpilot,AAEVPAPIRDLSMK,499.941309,44.17,0.31,72743,3,-3.3,0.8251
JF_171012_IDA_6600_Muscle_PAD+_B2_proteinpilot,AAEVPAPIRDLSMK,499.941309,44.48,0.38,461480,3,-6.4,0.8337
JF_2ndPrep_IDA_6600_Liver_PAD+_5_proteinpilot,AAEVPAPIRDLSMK,499.941309,46.13,0.39,121050,3,-0.4,0.8474
JF_2ndPrep_IDA_6600_Liver_PAD-_3_proteinpilot,AAEVPAPIRDLSMK,499.941309,44.19,0.37,194513,3,1.2,0.8475
JF_171012_IDA_6600_Lung_PAD-_B1_proteinpilot,AAEVPAPIRDLSMK,499.941309,43.3,0.15,66680,3,-3.5,0.8666
JF_2ndPrep_IDA_6600_Liver_PAD-_4_proteinpilot,AAEVPAPIRDLSMK,499.941309,44.42,0.27,134290,3,-1.5,0.8703
JF_2ndPrep_IDA_6600_Liver_PAD-_5_proteinpilot,AAEVPAPIRDLSMK,499.941309,44.61,0.92,125268,3,-2.1,0.8719
JF_171012_IDA_6600_Lung_PAD-_B2_proteinpilot,AAEVPAPIRDLSMK,499.941309,45.17,0.08,24659,3,1.6,0.8804
JF_171012_IDA_6600_Heart_PAD+_B1_proteinpilot,AAEVPAPIRDLSMK,499.941309,44.23,0.64,806433,3,5.4,0.9146
JF_171012_IDA_6600_Heart_PAD+_B3_proteinpilot,AAEVPAPIRDLSMK,499.941309,44.22,0.75,971238,3,2,0.9412
JF_171012_IDA_6600_Kidney_PAD-_B1_proteinpilot,AAEVPAPIRDLSMK,499.941309,44.66,0.17,9065,3,-0.3,0.9435
JF_171012_IDA_6600_Heart_PAD-_B2_proteinpilot,AAEVPAPIRDLSMK,499.941309,43.3,0.47,1368279,3,-5.8,0.9582
JF_171012_IDA_6600_Heart_PAD-_B3_proteinpilot,AAEVPAPIRDLSMK,499.941309,43.6,0.54,1115731,3,-6.3,0.9663
JF_171012_IDA_6600_Heart_PAD+_B2_proteinpilot,AAEVPAPIRDLSMK,499.941309,44.08,0.82,1057214,3,3.8,0.974
JF_171012_IDA_6600_Muscle_PAD-_B2_proteinpilot,AAEVPAPIRDLSMK,499.941309,43.91,0.24,5543617,3,-6.6,0.9874
JF_171012_IDA_6600_Muscle_PAD-_B3_proteinpilot,AAEVPAPIRDLSMK,499.941309,45.35,0.4,1966896,3,-2.7,0.9894
JF_171012_IDA_6600_Muscle_PAD-_B1_proteinpilot,AAEVPAPIRDLSMK,499.941309,42.92,0.26,4486061,3,-5.4,0.9965
JF_171012_IDA_6600_Heart_PAD+_B2_proteinpilot,AAELIANSLATAGDGLIELR[+1]K,1064.086426,74.5,#N/A,5119,2,-4.6,0.4562
JF_2ndPrep_IDA_6600_Liver_PAD-_4_proteinpilot,AAELIANSLATAGDGLIELR[+1]K,1064.086426,75.61,0.1,3749,2,-3.6,0.5244
JF_171012_IDA_6600_Lung_PAD+_B1_proteinpilot,AAELIANSLATAGDGLIELR[+1]K,1064.086426,76.37,0.28,28670,2,1.6,0.5377
JF_2ndPrep_IDA_6600_Liver_PAD-_3_proteinpilot,AAELIANSLATAGDGLIELR[+1]K,1064.086426,75.12,0.11,5956,2,0.4,0.5381
JF_171012_IDA_6600_Heart_PAD+_B1_proteinpilot,AAELIANSLATAGDGLIELR[+1]K,1064.086426,75.47,0.22,173304,2,-3.8,0.5833
JF_2ndPrep_IDA_6600_Liver_PAD-_5_proteinpilot,AAELIANSLATAGDGLIELR[+1]K,1064.086426,75.44,0.17,2900,2,-1.9,0.6714
JF_171012_IDA_6600_Kidney_PAD-_B1_proteinpilot,AAELIANSLATAGDGLIELR[+1]K,1064.086426,76.68,0.25,21062,2,0.9,0.7298
JF_171012_IDA_6600_Lung_PAD+_B2_proteinpilot,AAELIANSLATAGDGLIELR[+1]K,1064.086426,77.24,0.66,32648,2,1.4,0.756
JF_171012_IDA_6600_Heart_PAD+_B3_proteinpilot,AAELIANSLATAGDGLIELR[+1]K,1064.086426,74.49,0.11,21286,2,0,0.7625
JF_171012_IDA_6600_Lung_PAD-_B2_proteinpilot,AAELIANSLATAGDGLIELR[+1]K,1064.086426,76.03,0.22,5987,2,0.6,0.7636
JF_171012_IDA_6600_Heart_PAD-_B3_proteinpilot,AAELIANSLATAGDGLIELR[+1]K,1064.086426,74.9,0.55,31118,2,0.8,0.7782
JF_171012_IDA_6600_Brain_PAD-_B1_proteinpilot,AAELIANSLATAGDGLIELR[+1]K,1064.086426,76.22,0.1,6114,2,-1.9,0.8237
JF_171012_IDA_6600_Muscle_PAD+_B1_proteinpilot,AAELIANSLATAGDGLIELR[+1]K,1064.086426,74.7,0.42,31433,2,2.1,0.8255
JF_171012_IDA_6600_Muscle_PAD-_B3_proteinpilot,AAELIANSLATAGDGLIELR[+1]K,1064.086426,76.05,0.07,9452,2,-0.1,0.8291
JF_171012_IDA_6600_Muscle_PAD+_B2_proteinpilot,AAELIANSLATAGDGLIELR[+1]K,1064.086426,76.25,0.47,160581,2,0.2,0.8422
JF_171012_IDA_6600_Lung_PAD+_B3_proteinpilot,AAELIANSLATAGDGLIELR[+1]K,1064.086426,76.64,0.62,30581,2,-0.7,0.8428
JF_171012_IDA_6600_Lung_PAD-_B3_proteinpilot,AAELIANSLATAGDGLIELR[+1]K,1064.086426,76.63,0.22,11715,2,-1.4,0.8509
JF_171012_IDA_6600_Muscle_PAD-_B2_proteinpilot,AAELIANSLATAGDGLIELR[+1]K,1064.086426,75.5,0.48,14760,2,0.2,0.8646
JF_171012_IDA_6600_Muscle_PAD-_B1_proteinpilot,AAELIANSLATAGDGLIELR[+1]K,1064.086426,75.51,0.38,42850,2,-1.3,0.867
JF_171012_IDA_6600_Heart_PAD-_B1_proteinpilot,AAELIANSLATAGDGLIELR[+1]K,1064.086426,75.69,0.9,55245,2,0,0.8908
JF_171012_IDA_6600_Brain_PAD-_B2_proteinpilot,AAELIANSLATAGDGLIELR[+1]K,1064.086426,75.98,0.35,11112,2,0.2,0.8948
JF_171012_IDA_6600_Muscle_PAD+_B3_proteinpilot,AAELIANSLATAGDGLIELR[+1]K,1064.086426,76.22,0.12,65359,2,-2.6,0.898
JF_171012_IDA_6600_Brain_PAD-_B3_proteinpilot,AAELIANSLATAGDGLIELR[+1]K,1064.086426,75.63,0.96,39548,2,0.5,0.923
JF_171012_IDA_6600_Kidney_PAD-_B3_proteinpilot,AAELIANSLATAGDGLIELR[+1]K,1064.086426,75.61,0.19,34034,2,-0.7,0.9317
JF_171012_IDA_6600_Brain_PAD+_B2_proteinpilot,AAELIANSLATAGDGLIELR[+1]K,1064.086426,75.68,0.3,190896,2,-4,0.9334
JF_171012_IDA_6600_Kidney_PAD+_B3_proteinpilot,AAELIANSLATAGDGLIELR[+1]K,1064.086426,75.91,0.22,157679,2,-7.1,0.9451
JF_171012_IDA_6600_Lung_PAD-_B1_proteinpilot,AAELIANSLATAGDGLIELR[+1]K,1064.086426,74.89,0.12,17045,2,-2.3,0.9571
JF_171012_IDA_6600_Kidney_PAD+_B1_proteinpilot,AAELIANSLATAGDGLIELR[+1]K,1064.086426,76.46,0.23,88179,2,-5.1,0.9742
JF_171012_IDA_6600_Brain_PAD+_B3_proteinpilot,AAELIANSLATAGDGLIELR[+1]K,1064.086426,75.8,0.24,236325,2,-3.6,0.9752
JF_171012_IDA_6600_Brain_PAD+_B1_proteinpilot,AAELIANSLATAGDGLIELR[+1]K,1064.086426,76.51,0.24,144765,2,-2.7,0.9776
JF_2ndPrep_IDA_6600_Liver_PAD+_5_proteinpilot,AAELIANSLATAGDGLIELR[+1]K,1064.086426,76.59,0.25,409241,2,-4.6,0.9883
JF_2ndPrep_IDA_6600_Liver_PAD+_4_proteinpilot,AAELIANSLATAGDGLIELR[+1]K,1064.086426,75.8,0.24,420807,2,-0.1,0.9892
JF_171012_IDA_6600_Heart_PAD-_B2_proteinpilot,AAELIANSLATAGDGLIELR[+1]K,1064.086426,74.12,0.66,57034,2,0.9,0.9922
JF_2ndPrep_IDA_6600_Liver_PAD+_3_proteinpilot,AAELIANSLATAGDGLIELR[+1]K,1064.086426,76.05,0.24,393913,2,3,0.9952
JF_171012_IDA_6600_Lung_PAD+_B2_proteinpilot,AAELIANSLATAGDGLIELRK,709.398704,70.75,0.2,1270737,3,3.9,0.527
JF_2ndPrep_IDA_6600_Liver_PAD-_4_proteinpilot,AAELIANSLATAGDGLIELRK,709.398704,68.93,0.06,5950,3,-7.3,0.5413
JF_171012_IDA_6600_Heart_PAD+_B2_proteinpilot,AAELIANSLATAGDGLIELRK,1063.594418,68.57,0.49,12641,2,1.9,0.5495
JF_2ndPrep_IDA_6600_Liver_PAD-_5_proteinpilot,AAELIANSLATAGDGLIELRK,1063.594418,68.86,0.06,1196,2,4.3,0.5823
JF_171012_IDA_6600_Heart_PAD+_B3_proteinpilot,AAELIANSLATAGDGLIELRK,1063.594418,68.14,0.39,25447,2,-1,0.661
JF_171012_IDA_6600_Heart_PAD+_B1_proteinpilot,AAELIANSLATAGDGLIELRK,709.398704,68.46,0.54,720021,3,-4,0.7308
JF_171012_IDA_6600_Lung_PAD+_B2_proteinpilot,AAELIANSLATAGDGLIELRK,1063.594418,70.28,0.14,14378,2,-0.9,0.7323
JF_171012_IDA_6600_Lung_PAD+_B3_proteinpilot,AAELIANSLATAGDGLIELRK,709.398704,70.04,0.18,72944,3,-6,0.7361
JF_171012_IDA_6600_Heart_PAD+_B2_proteinpilot,AAELIANSLATAGDGLIELRK,709.398704,68.16,0.44,896516,3,-5.8,0.7507
JF_171012_IDA_6600_Muscle_PAD+_B1_proteinpilot,AAELIANSLATAGDGLIELRK,709.398704,68.56,0.16,76366,3,-2.7,0.7624
JF_171012_IDA_6600_Muscle_PAD+_B1_proteinpilot,AAELIANSLATAGDGLIELRK,1063.594418,68.44,0.1,14084,2,-0.7,0.7736
JF_171012_IDA_6600_Heart_PAD+_B3_proteinpilot,AAELIANSLATAGDGLIELRK,709.398704,68.26,0.56,546885,3,-4.2,0.7812
JF_2ndPrep_IDA_6600_Liver_PAD-_5_proteinpilot,AAELIANSLATAGDGLIELRK,709.398704,69.04,0.1,12979,3,2.1,0.8105
JF_171012_IDA_6600_Muscle_PAD-_B1_proteinpilot,AAELIANSLATAGDGLIELRK,1063.594418,68.75,0.12,32281,2,-1.2,0.8127
JF_171012_IDA_6600_Lung_PAD-_B1_proteinpilot,AAELIANSLATAGDGLIELRK,1063.594418,69.2,0.24,44255,2,0.9,0.8184
JF_2ndPrep_IDA_6600_Liver_PAD-_3_proteinpilot,AAELIANSLATAGDGLIELRK,1063.594418,68.87,0.07,9573,2,-0.7,0.8245
JF_171012_IDA_6600_Muscle_PAD+_B2_proteinpilot,AAELIANSLATAGDGLIELRK,1063.594418,69.39,0.15,13317,2,0.5,0.8291
JF_171012_IDA_6600_Muscle_PAD+_B3_proteinpilot,AAELIANSLATAGDGLIELRK,1063.594418,69.47,0.26,17790,2,-3.5,0.8321
JF_171012_IDA_6600_Muscle_PAD+_B3_proteinpilot,AAELIANSLATAGDGLIELRK,709.398704,69.59,0.33,152502,3,-5.7,0.8459
JF_171012_IDA_6600_Heart_PAD+_B1_proteinpilot,AAELIANSLATAGDGLIELRK,1063.594418,68.35,0.39,18434,2,-1.4,0.8571
JF_171012_IDA_6600_Brain_PAD+_B3_proteinpilot,AAELIANSLATAGDGLIELRK,1063.594418,69.15,0.33,78678,2,-0.6,0.8624
JF_171012_IDA_6600_Muscle_PAD+_B2_proteinpilot,AAELIANSLATAGDGLIELRK,709.398704,69.51,0.27,52731,3,-3.3,0.8636
JF_171012_IDA_6600_Brain_PAD+_B1_proteinpilot,AAELIANSLATAGDGLIELRK,1063.594418,69.85,0.17,28506,2,0.3,0.8697
JF_171012_IDA_6600_Muscle_PAD-_B3_proteinpilot,AAELIANSLATAGDGLIELRK,709.398704,69.75,0.46,417658,3,-0.3,0.8778
JF_171012_IDA_6600_Kidney_PAD-_B3_proteinpilot,AAELIANSLATAGDGLIELRK,1063.594418,69.78,0.19,71688,2,-1.5,0.8886
JF_171012_IDA_6600_Heart_PAD-_B1_proteinpilot,AAELIANSLATAGDGLIELRK,1063.594418,69.11,0.29,94645,2,-1,0.8942
JF_171012_IDA_6600_Muscle_PAD-_B2_proteinpilot,AAELIANSLATAGDGLIELRK,709.398704,69.2,0.34,440527,3,-4.4,0.9042
JF_171012_IDA_6600_Lung_PAD+_B1_proteinpilot,AAELIANSLATAGDGLIELRK,1063.594418,69.96,0.22,17622,2,-2.7,0.9056
JF_171012_IDA_6600_Muscle_PAD-_B2_proteinpilot,AAELIANSLATAGDGLIELRK,1063.594418,69.26,0.12,26464,2,-0.9,0.9078
JF_171012_IDA_6600_Lung_PAD+_B1_proteinpilot,AAELIANSLATAGDGLIELRK,709.398704,69.96,0.46,133206,3,-3,0.9102
JF_2ndPrep_IDA_6600_Liver_PAD+_3_proteinpilot,AAELIANSLATAGDGLIELRK,1063.594418,69.64,0.19,97388,2,2.6,0.9115
JF_171012_IDA_6600_Lung_PAD+_B3_proteinpilot,AAELIANSLATAGDGLIELRK,1063.594418,70.04,0.13,17852,2,-0.9,0.9124
JF_171012_IDA_6600_Brain_PAD+_B1_proteinpilot,AAELIANSLATAGDGLIELRK,709.398704,69.91,0.37,285555,3,2.5,0.9129
JF_171012_IDA_6600_Lung_PAD-_B3_proteinpilot,AAELIANSLATAGDGLIELRK,1063.594418,69.9,0.6,98481,2,-0.3,0.9135
JF_171012_IDA_6600_Heart_PAD-_B2_proteinpilot,AAELIANSLATAGDGLIELRK,1063.594418,67.99,0.24,248156,2,-1.4,0.9143
JF_171012_IDA_6600_Brain_PAD-_B1_proteinpilot,AAELIANSLATAGDGLIELRK,1063.594418,69.81,0.3,70683,2,-2.1,0.9168
JF_171012_IDA_6600_Muscle_PAD-_B3_proteinpilot,AAELIANSLATAGDGLIELRK,1063.594418,69.75,0.42,58034,2,-1.4,0.9178
JF_171012_IDA_6600_Heart_PAD-_B1_proteinpilot,AAELIANSLATAGDGLIELRK,709.398704,69.17,0.36,1001204,3,-3.7,0.9178
JF_171012_IDA_6600_Brain_PAD+_B3_proteinpilot,AAELIANSLATAGDGLIELRK,709.398704,69.15,0.43,496795,3,2.4,0.918
JF_171012_IDA_6600_Kidney_PAD+_B3_proteinpilot,AAELIANSLATAGDGLIELRK,709.398704,69.27,0.45,743598,3,0.3,0.9189
JF_2ndPrep_IDA_6600_Liver_PAD-_3_proteinpilot,AAELIANSLATAGDGLIELRK,709.398704,69.28,0.63,61634,3,-3.1,0.9209
JF_2ndPrep_IDA_6600_Liver_PAD-_4_proteinpilot,AAELIANSLATAGDGLIELRK,1063.594418,68.87,0.06,2400,2,-1.2,0.9226
JF_171012_IDA_6600_Kidney_PAD-_B1_proteinpilot,AAELIANSLATAGDGLIELRK,709.398704,70.11,0.46,463506,3,-2.5,0.9257
JF_171012_IDA_6600_Brain_PAD+_B2_proteinpilot,AAELIANSLATAGDGLIELRK,1063.594418,68.97,0.24,55157,2,-0.7,0.929
JF_171012_IDA_6600_Kidney_PAD+_B3_proteinpilot,AAELIANSLATAGDGLIELRK,1063.594418,69.33,0.62,69964,2,-2,0.9347
JF_171012_IDA_6600_Heart_PAD-_B3_proteinpilot,AAELIANSLATAGDGLIELRK,709.398704,68.09,0.26,2131282,3,-4,0.9418
JF_171012_IDA_6600_Heart_PAD-_B3_proteinpilot,AAELIANSLATAGDGLIELRK,1063.594418,68.09,0.23,200722,2,-3.1,0.9445
JF_171012_IDA_6600_Lung_PAD-_B2_proteinpilot,AAELIANSLATAGDGLIELRK,709.398704,69.56,0.29,614410,3,-2.1,0.9454
JF_171012_IDA_6600_Kidney_PAD-_B3_proteinpilot,AAELIANSLATAGDGLIELRK,709.398704,69.78,0.35,1037588,3,-5.7,0.9493
JF_171012_IDA_6600_Brain_PAD-_B2_proteinpilot,AAELIANSLATAGDGLIELRK,709.398704,69.72,0.33,735736,3,-2.6,0.9545
JF_171012_IDA_6600_Brain_PAD-_B2_proteinpilot,AAELIANSLATAGDGLIELRK,1063.594418,69.72,0.35,77112,2,-2.1,0.9545
JF_171012_IDA_6600_Brain_PAD+_B2_proteinpilot,AAELIANSLATAGDGLIELRK,709.398704,69.03,0.31,353136,3,2.6,0.9559
JF_171012_IDA_6600_Heart_PAD-_B2_proteinpilot,AAELIANSLATAGDGLIELRK,709.398704,67.99,0.23,2603779,3,-1.7,0.9567
JF_2ndPrep_IDA_6600_Liver_PAD+_4_proteinpilot,AAELIANSLATAGDGLIELRK,1063.594418,69.44,0.23,107435,2,-0.1,0.9631
JF_171012_IDA_6600_Muscle_PAD-_B1_proteinpilot,AAELIANSLATAGDGLIELRK,709.398704,68.75,0.13,509517,3,-2.7,0.9675
JF_171012_IDA_6600_Brain_PAD-_B3_proteinpilot,AAELIANSLATAGDGLIELRK,1063.594418,69.35,0.23,141590,2,-4.8,0.9688
JF_171012_IDA_6600_Brain_PAD-_B1_proteinpilot,AAELIANSLATAGDGLIELRK,709.398704,69.76,0.32,729709,3,-2.6,0.9742
JF_171012_IDA_6600_Lung_PAD-_B3_proteinpilot,AAELIANSLATAGDGLIELRK,709.398704,69.96,0.31,583531,3,-2.4,0.976
JF_2ndPrep_IDA_6600_Liver_PAD+_5_proteinpilot,AAELIANSLATAGDGLIELRK,709.398704,70.17,0.22,578631,3,-0.8,0.9773
JF_2ndPrep_IDA_6600_Liver_PAD+_4_proteinpilot,AAELIANSLATAGDGLIELRK,709.398704,69.44,0.22,715148,3,3,0.9791
JF_171012_IDA_6600_Kidney_PAD+_B1_proteinpilot,AAELIANSLATAGDGLIELRK,709.398704,70.11,0.32,823332,3,4.9,0.9796
JF_171012_IDA_6600_Kidney_PAD+_B1_proteinpilot,AAELIANSLATAGDGLIELRK,1063.594418,70.17,0.26,73567,2,1.2,0.9798
JF_171012_IDA_6600_Brain_PAD-_B3_proteinpilot,AAELIANSLATAGDGLIELRK,709.398704,69.41,0.26,1349778,3,-5.7,0.9811
JF_171012_IDA_6600_Lung_PAD-_B1_proteinpilot,AAELIANSLATAGDGLIELRK,709.398704,69.15,0.24,544081,3,-4,0.9851
JF_2ndPrep_IDA_6600_Liver_PAD+_5_proteinpilot,AAELIANSLATAGDGLIELRK,1063.594418,70.17,0.29,99575,2,-3.8,0.9882
JF_2ndPrep_IDA_6600_Liver_PAD+_3_proteinpilot,AAELIANSLATAGDGLIELRK,709.398704,69.64,0.22,713649,3,4.8,0.9893
JF_171012_IDA_6600_Lung_PAD-_B2_proteinpilot,AAELIANSLATAGDGLIELRK,1063.594418,69.62,0.26,101133,2,-0.5,0.9958
JF_171012_IDA_6600_Kidney_PAD-_B1_proteinpilot,AAELIANSLATAGDGLIELRK,1063.594418,70.06,0.34,64104,2,-0.9,0.9971
JF_171012_IDA_6600_Heart_PAD+_B1_proteinpilot,ALVQQLEQFR[+1]QQLGPNSGEVESHLSFLEK,1104.90015,82.35,0.12,93711,3,-7.7,0.5206
JF_171012_IDA_6600_Heart_PAD+_B2_proteinpilot,ALVQQLEQFR[+1]QQLGPNSGEVESHLSFLEK,1104.90015,81.96,0.1,48074,3,-5.9,0.6836
JF_171012_IDA_6600_Kidney_PAD-_B3_proteinpilot,ALVQQLEQFR[+1]QQLGPNSGEVESHLSFLEK,1104.90015,83.93,0.17,12051,3,2.7,0.6838
JF_171012_IDA_6600_Brain_PAD-_B1_proteinpilot,ALVQQLEQFR[+1]QQLGPNSGEVESHLSFLEK,1104.90015,83.83,0.32,73131,3,0.2,0.7199
JF_171012_IDA_6600_Brain_PAD+_B2_proteinpilot,ALVQQLEQFR[+1]QQLGPNSGEVESHLSFLEK,1104.90015,83.06,0.64,156572,3,2,0.7261
JF_171012_IDA_6600_Heart_PAD-_B3_proteinpilot,ALVQQLEQFR[+1]QQLGPNSGEVESHLSFLEK,1104.90015,82.34,0.8,72155,3,-0.9,0.7319
JF_171012_IDA_6600_Lung_PAD-_B1_proteinpilot,ALVQQLEQFR[+1]QQLGPNSGEVESHLSFLEK,1104.90015,82.85,0.33,50203,3,0.7,0.7457
JF_171012_IDA_6600_Brain_PAD+_B1_proteinpilot,ALVQQLEQFR[+1]QQLGPNSGEVESHLSFLEK,1104.90015,84.02,0.22,58249,3,3.4,0.767
JF_171012_IDA_6600_Brain_PAD+_B3_proteinpilot,ALVQQLEQFR[+1]QQLGPNSGEVESHLSFLEK,1104.90015,83.29,0.19,194388,3,0.4,0.767
JF_171012_IDA_6600_Brain_PAD-_B2_proteinpilot,ALVQQLEQFR[+1]QQLGPNSGEVESHLSFLEK,1104.90015,83.88,0.18,26073,3,-1.9,0.7864
JF_171012_IDA_6600_Muscle_PAD-_B1_proteinpilot,ALVQQLEQFR[+1]QQLGPNSGEVESHLSFLEK,1104.90015,82.76,0.27,29502,3,-0.7,0.8023
JF_171012_IDA_6600_Lung_PAD-_B3_proteinpilot,ALVQQLEQFR[+1]QQLGPNSGEVESHLSFLEK,1104.90015,83.74,0.41,52676,3,-1,0.8186
JF_2ndPrep_IDA_6600_Liver_PAD-_4_proteinpilot,ALVQQLEQFR[+1]QQLGPNSGEVESHLSFLEK,1104.90015,83.46,0.28,38687,3,-4.4,0.8206
JF_171012_IDA_6600_Brain_PAD-_B3_proteinpilot,ALVQQLEQFR[+1]QQLGPNSGEVESHLSFLEK,1104.90015,83.35,0.5,79318,3,-0.1,0.8228
JF_171012_IDA_6600_Lung_PAD+_B1_proteinpilot,ALVQQLEQFR[+1]QQLGPNSGEVESHLSFLEK,1104.90015,84.08,#N/A,5800,3,0,0.8434
JF_171012_IDA_6600_Lung_PAD-_B2_proteinpilot,ALVQQLEQFR[+1]QQLGPNSGEVESHLSFLEK,1104.90015,83.59,0.23,46677,3,1.2,0.8572
JF_2ndPrep_IDA_6600_Liver_PAD-_5_proteinpilot,ALVQQLEQFR[+1]QQLGPNSGEVESHLSFLEK,1104.90015,83.75,0.39,32918,3,-1,0.8617
JF_171012_IDA_6600_Heart_PAD-_B2_proteinpilot,ALVQQLEQFR[+1]QQLGPNSGEVESHLSFLEK,1104.90015,81.75,0.42,81767,3,0.5,0.8636
JF_171012_IDA_6600_Kidney_PAD+_B1_proteinpilot,ALVQQLEQFR[+1]QQLGPNSGEVESHLSFLEK,1104.90015,83.66,0.15,317460,3,2.8,0.864
JF_2ndPrep_IDA_6600_Liver_PAD-_3_proteinpilot,ALVQQLEQFR[+1]QQLGPNSGEVESHLSFLEK,1104.90015,83.25,0.48,88448,3,-3.5,0.8678
JF_171012_IDA_6600_Muscle_PAD-_B3_proteinpilot,ALVQQLEQFR[+1]QQLGPNSGEVESHLSFLEK,1104.90015,83.66,0.23,25487,3,0.2,0.8692
JF_2ndPrep_IDA_6600_Liver_PAD+_4_proteinpilot,ALVQQLEQFR[+1]QQLGPNSGEVESHLSFLEK,1104.90015,83.41,0.64,93265,3,0.7,0.8719
JF_171012_IDA_6600_Heart_PAD+_B3_proteinpilot,ALVQQLEQFR[+1]QQLGPNSGEVESHLSFLEK,1104.90015,81.78,0.13,13793,3,-4.6,0.8758
JF_171012_IDA_6600_Muscle_PAD-_B2_proteinpilot,ALVQQLEQFR[+1]QQLGPNSGEVESHLSFLEK,1104.90015,82.9,0.24,44554,3,-1.9,0.8845
JF_2ndPrep_IDA_6600_Liver_PAD+_5_proteinpilot,ALVQQLEQFR[+1]QQLGPNSGEVESHLSFLEK,1104.90015,84.55,0.56,64353,3,-1.5,0.8847
JF_171012_IDA_6600_Heart_PAD-_B1_proteinpilot,ALVQQLEQFR[+1]QQLGPNSGEVESHLSFLEK,1104.90015,83.01,0.16,38495,3,-0.3,0.9205
JF_171012_IDA_6600_Muscle_PAD+_B2_proteinpilot,ALVQQLEQFR[+1]QQLGPNSGEVESHLSFLEK,1104.90015,83.54,0.36,312410,3,-1.9,0.927
JF_171012_IDA_6600_Muscle_PAD+_B1_proteinpilot,ALVQQLEQFR[+1]QQLGPNSGEVESHLSFLEK,1104.90015,83.28,0.97,602486,3,-2.8,0.933
JF_171012_IDA_6600_Kidney_PAD-_B1_proteinpilot,ALVQQLEQFR[+1]QQLGPNSGEVESHLSFLEK,1104.90015,84.27,0.98,134894,3,-1.4,0.9448
JF_2ndPrep_IDA_6600_Liver_PAD+_3_proteinpilot,ALVQQLEQFR[+1]QQLGPNSGEVESHLSFLEK,1104.90015,83.64,0.31,87553,3,3,0.9457
JF_171012_IDA_6600_Lung_PAD+_B3_proteinpilot,ALVQQLEQFR[+1]QQLGPNSGEVESHLSFLEK,1104.90015,84.07,0.28,167388,3,-1.3,0.9492
JF_171012_IDA_6600_Lung_PAD+_B2_proteinpilot,ALVQQLEQFR[+1]QQLGPNSGEVESHLSFLEK,1104.90015,84.05,0.27,137559,3,-2.4,0.9578
JF_171012_IDA_6600_Kidney_PAD+_B3_proteinpilot,ALVQQLEQFR[+1]QQLGPNSGEVESHLSFLEK,1104.90015,83.17,0.26,319181,3,5.6,0.9706
JF_171012_IDA_6600_Muscle_PAD+_B3_proteinpilot,ALVQQLEQFR[+1]QQLGPNSGEVESHLSFLEK,1104.90015,83.58,0.27,540059,3,2.2,0.9953
JF_171012_IDA_6600_Kidney_PAD-_B1_proteinpilot,ALVQQLEQFRQQLGPNSGEVESHLSFLEK,828.680927,74.64,0.08,70839,4,-2.1,0.4593
JF_171012_IDA_6600_Brain_PAD-_B1_proteinpilot,ALVQQLEQFRQQLGPNSGEVESHLSFLEK,828.680927,74.67,0.17,73418,4,0.8,0.5361
JF_171012_IDA_6600_Brain_PAD-_B2_proteinpilot,ALVQQLEQFRQQLGPNSGEVESHLSFLEK,828.680927,74.69,0.18,75045,4,-0.8,0.5406
JF_171012_IDA_6600_Brain_PAD+_B2_proteinpilot,ALVQQLEQFRQQLGPNSGEVESHLSFLEK,828.680927,73.84,0.54,59361,4,1.3,0.5634
JF_171012_IDA_6600_Heart_PAD+_B1_proteinpilot,ALVQQLEQFRQQLGPNSGEVESHLSFLEK,828.680927,72.74,0.37,48724,4,1.1,0.639
JF_2ndPrep_IDA_6600_Liver_PAD+_5_proteinpilot,ALVQQLEQFRQQLGPNSGEVESHLSFLEK,828.680927,74.87,0.34,20552,4,-1.8,0.6858
JF_171012_IDA_6600_Lung_PAD+_B3_proteinpilot,ALVQQLEQFRQQLGPNSGEVESHLSFLEK,828.680927,75.08,0.63,93719,4,1.7,0.6977
JF_171012_IDA_6600_Kidney_PAD+_B3_proteinpilot,ALVQQLEQFRQQLGPNSGEVESHLSFLEK,828.680927,74.05,0.22,77134,4,-3.8,0.7021
JF_171012_IDA_6600_Brain_PAD-_B3_proteinpilot,ALVQQLEQFRQQLGPNSGEVESHLSFLEK,828.680927,74.19,0.28,124278,4,0.3,0.7197
JF_171012_IDA_6600_Muscle_PAD-_B2_proteinpilot,ALVQQLEQFRQQLGPNSGEVESHLSFLEK,828.680927,73.68,0.31,91469,4,0.2,0.7308
JF_171012_IDA_6600_Lung_PAD+_B1_proteinpilot,ALVQQLEQFRQQLGPNSGEVESHLSFLEK,828.680927,74.77,0.69,145399,4,-1.7,0.7351
JF_171012_IDA_6600_Brain_PAD+_B1_proteinpilot,ALVQQLEQFRQQLGPNSGEVESHLSFLEK,828.680927,74.78,0.45,50960,4,0.3,0.7432
JF_171012_IDA_6600_Lung_PAD+_B2_proteinpilot,ALVQQLEQFRQQLGPNSGEVESHLSFLEK,828.680927,75.27,0.41,60275,4,1.1,0.7527
JF_2ndPrep_IDA_6600_Liver_PAD-_3_proteinpilot,ALVQQLEQFRQQLGPNSGEVESHLSFLEK,828.680927,73.7,0.06,29865,4,2.4,0.7729
JF_2ndPrep_IDA_6600_Liver_PAD+_3_proteinpilot,ALVQQLEQFRQQLGPNSGEVESHLSFLEK,828.680927,74.81,0.27,145459,4,-4.4,0.7933
JF_171012_IDA_6600_Heart_PAD+_B3_proteinpilot,ALVQQLEQFRQQLGPNSGEVESHLSFLEK,828.680927,72.94,0.15,47823,4,1.4,0.7947
JF_171012_IDA_6600_Muscle_PAD+_B3_proteinpilot,ALVQQLEQFRQQLGPNSGEVESHLSFLEK,828.680927,74.39,0.54,1012034,4,-6.6,0.7963
JF_171012_IDA_6600_Kidney_PAD-_B3_proteinpilot,ALVQQLEQFRQQLGPNSGEVESHLSFLEK,828.680927,74.01,0.95,62846,4,-0.1,0.7995
JF_2ndPrep_IDA_6600_Liver_PAD-_5_proteinpilot,ALVQQLEQFRQQLGPNSGEVESHLSFLEK,828.680927,73.71,0.35,34361,4,1.5,0.825
JF_171012_IDA_6600_Muscle_PAD+_B2_proteinpilot,ALVQQLEQFRQQLGPNSGEVESHLSFLEK,828.680927,74.24,0.94,841134,4,-6.2,0.8412
JF_2ndPrep_IDA_6600_Liver_PAD-_4_proteinpilot,ALVQQLEQFRQQLGPNSGEVESHLSFLEK,828.680927,73.71,0.49,45081,4,1.1,0.8599
JF_171012_IDA_6600_Heart_PAD+_B2_proteinpilot,ALVQQLEQFRQQLGPNSGEVESHLSFLEK,828.680927,73.07,0.13,19710,4,4.1,0.8602
JF_171012_IDA_6600_Brain_PAD+_B3_proteinpilot,ALVQQLEQFRQQLGPNSGEVESHLSFLEK,828.680927,73.9,0.3,56433,4,-0.5,0.8897
JF_2ndPrep_IDA_6600_Liver_PAD+_4_proteinpilot,ALVQQLEQFRQQLGPNSGEVESHLSFLEK,828.680927,74.07,0.26,55546,4,-1.1,0.9196
JF_171012_IDA_6600_Heart_PAD-_B1_proteinpilot,ALVQQLEQFRQQLGPNSGEVESHLSFLEK,828.680927,73.92,0.31,191019,4,-3.8,0.9279
JF_171012_IDA_6600_Muscle_PAD-_B1_proteinpilot,ALVQQLEQFRQQLGPNSGEVESHLSFLEK,828.680927,73.85,0.27,266274,4,-4.4,0.9321
JF_171012_IDA_6600_Kidney_PAD+_B1_proteinpilot,ALVQQLEQFRQQLGPNSGEVESHLSFLEK,828.680927,74.61,0.34,422016,4,-5.7,0.934
JF_171012_IDA_6600_Heart_PAD-_B3_proteinpilot,ALVQQLEQFRQQLGPNSGEVESHLSFLEK,828.680927,72.82,0.32,488335,4,-4.2,0.9399
JF_171012_IDA_6600_Heart_PAD-_B2_proteinpilot,ALVQQLEQFRQQLGPNSGEVESHLSFLEK,828.680927,72.77,0.34,474248,4,-2.9,0.9432
JF_171012_IDA_6600_Lung_PAD-_B1_proteinpilot,ALVQQLEQFRQQLGPNSGEVESHLSFLEK,828.680927,74,0.22,767998,4,-3.2,0.9571
JF_171012_IDA_6600_Muscle_PAD+_B1_proteinpilot,ALVQQLEQFRQQLGPNSGEVESHLSFLEK,828.680927,73.58,1.34,1212770,4,-4.6,0.9605
JF_171012_IDA_6600_Lung_PAD-_B2_proteinpilot,ALVQQLEQFRQQLGPNSGEVESHLSFLEK,828.680927,74.4,0.34,1027458,4,-0.8,0.9621
JF_171012_IDA_6600_Muscle_PAD-_B3_proteinpilot,ALVQQLEQFRQQLGPNSGEVESHLSFLEK,828.680927,74.63,0.26,163942,4,-3.1,0.9685
JF_171012_IDA_6600_Lung_PAD-_B3_proteinpilot,ALVQQLEQFRQQLGPNSGEVESHLSFLEK,828.680927,74.84,0.25,711399,4,-3,0.9798
JF_171012_IDA_6600_Brain_PAD+_B2_proteinpilot,AGEVSR[+1]EVWEK,645.819867,29.61,0.33,461604,2,-3,0.6872
JF_171012_IDA_6600_Brain_PAD-_B2_proteinpilot,AGEVSR[+1]EVWEK,645.819867,29.61,0.2,970430,2,-0.8,0.7053
JF_171012_IDA_6600_Brain_PAD-_B1_proteinpilot,AGEVSR[+1]EVWEK,645.819867,29.66,0.21,1064416,2,-1,0.7772
JF_171012_IDA_6600_Brain_PAD+_B1_proteinpilot,AGEVSR[+1]EVWEK,645.819867,29.84,0.21,888831,2,3.9,0.7894
JF_171012_IDA_6600_Brain_PAD+_B3_proteinpilot,AGEVSR[+1]EVWEK,645.819867,28.99,0.24,1186147,2,4.6,0.8079
JF_171012_IDA_6600_Brain_PAD-_B3_proteinpilot,AGEVSR[+1]EVWEK,645.819867,29.64,0.21,231620,2,2.6,0.8344
JF_171012_IDA_6600_Lung_PAD-_B2_proteinpilot,AGEVSR[+1]EVWEK,645.819867,29.35,0.44,910259,2,-1.1,0.8396
JF_171012_IDA_6600_Muscle_PAD-_B2_proteinpilot,AGEVSR[+1]EVWEK,645.819867,29.36,0.48,361047,2,-1.5,0.8502
JF_171012_IDA_6600_Lung_PAD-_B1_proteinpilot,AGEVSR[+1]EVWEK,645.819867,29.07,0.3,617341,2,-1.8,0.8556
JF_171012_IDA_6600_Kidney_PAD-_B3_proteinpilot,AGEVSR[+1]EVWEK,645.819867,30.03,0.34,237390,2,0.8,0.8567
JF_171012_IDA_6600_Kidney_PAD+_B1_proteinpilot,AGEVSR[+1]EVWEK,645.819867,30.15,0.24,542824,2,1.2,0.8687
JF_171012_IDA_6600_Heart_PAD-_B3_proteinpilot,AGEVSR[+1]EVWEK,645.819867,28.5,0.24,457033,2,2.4,0.8708
JF_2ndPrep_IDA_6600_Liver_PAD+_4_proteinpilot,AGEVSR[+1]EVWEK,645.819867,30.18,0.23,477008,2,3.3,0.8818
JF_2ndPrep_IDA_6600_Liver_PAD+_3_proteinpilot,AGEVSR[+1]EVWEK,645.819867,30.29,0.23,476796,2,3.5,0.8927
JF_171012_IDA_6600_Muscle_PAD+_B2_proteinpilot,AGEVSR[+1]EVWEK,645.819867,29.15,0.41,523853,2,-3.8,0.8947
JF_171012_IDA_6600_Muscle_PAD+_B1_proteinpilot,AGEVSR[+1]EVWEK,645.819867,27.58,0.33,879794,2,-2.7,0.9046
JF_171012_IDA_6600_Muscle_PAD-_B1_proteinpilot,AGEVSR[+1]EVWEK,645.819867,28.54,0.29,279542,2,0.5,0.9063
JF_171012_IDA_6600_Kidney_PAD-_B1_proteinpilot,AGEVSR[+1]EVWEK,645.819867,30.03,0.21,385274,2,-5.1,0.9218
JF_171012_IDA_6600_Kidney_PAD+_B3_proteinpilot,AGEVSR[+1]EVWEK,645.819867,29.7,0.41,1670674,2,-1,0.9243
JF_171012_IDA_6600_Muscle_PAD-_B3_proteinpilot,AGEVSR[+1]EVWEK,645.819867,29.78,0.42,174505,2,-1.7,0.9267
JF_171012_IDA_6600_Lung_PAD+_B2_proteinpilot,AGEVSR[+1]EVWEK,645.819867,30.09,0.39,1299674,2,-5.4,0.9303
JF_171012_IDA_6600_Lung_PAD+_B1_proteinpilot,AGEVSR[+1]EVWEK,645.819867,29.92,0.36,1643000,2,-6.5,0.9342
JF_2ndPrep_IDA_6600_Liver_PAD-_4_proteinpilot,AGEVSR[+1]EVWEK,645.819867,29.33,0.21,169622,2,-1,0.9358
JF_171012_IDA_6600_Lung_PAD-_B3_proteinpilot,AGEVSR[+1]EVWEK,645.819867,30.01,0.3,550242,2,0.6,0.9367
JF_171012_IDA_6600_Lung_PAD+_B3_proteinpilot,AGEVSR[+1]EVWEK,645.819867,29.87,0.36,1520883,2,-4.8,0.9409
JF_2ndPrep_IDA_6600_Liver_PAD-_3_proteinpilot,AGEVSR[+1]EVWEK,645.819867,29.99,0.1,85208,2,0.2,0.9481
JF_171012_IDA_6600_Heart_PAD-_B2_proteinpilot,AGEVSR[+1]EVWEK,645.819867,28.71,0.75,780908,2,2.3,0.9521
JF_171012_IDA_6600_Heart_PAD+_B2_proteinpilot,AGEVSR[+1]EVWEK,645.819867,28.92,0.21,8686429,2,-4,0.9556
JF_171012_IDA_6600_Heart_PAD+_B1_proteinpilot,AGEVSR[+1]EVWEK,645.819867,29.28,0.19,6930141,2,-4.4,0.9634
JF_2ndPrep_IDA_6600_Liver_PAD-_5_proteinpilot,AGEVSR[+1]EVWEK,645.819867,29.41,0.32,146986,2,1.2,0.9667
JF_171012_IDA_6600_Heart_PAD+_B3_proteinpilot,AGEVSR[+1]EVWEK,645.819867,28.96,0.2,6554462,2,-4.8,0.9681
JF_171012_IDA_6600_Muscle_PAD+_B3_proteinpilot,AGEVSR[+1]EVWEK,645.819867,29.26,0.11,132206,2,-2.9,0.9681
JF_171012_IDA_6600_Heart_PAD-_B1_proteinpilot,AGEVSR[+1]EVWEK,645.819867,29.01,#N/A,213742,2,3.6,0.9827
JF_2ndPrep_IDA_6600_Liver_PAD+_5_proteinpilot,AGEVSR[+1]EVWEK,645.819867,30.71,0.18,906277,2,-4.4,0.9868
JF_2ndPrep_IDA_6600_Liver_PAD-_5_proteinpilot,AGEVSREVWEK,645.327859,#N/A,#N/A,3000,2,6.3,0.244
JF_171012_IDA_6600_Heart_PAD+_B1_proteinpilot,AGEVSREVWEK,430.554331,#N/A,#N/A,5018,3,8.9,0.244
JF_171012_IDA_6600_Heart_PAD+_B2_proteinpilot,AGEVSREVWEK,430.554331,#N/A,#N/A,5557,3,2.9,0.244
JF_171012_IDA_6600_Kidney_PAD-_B1_proteinpilot,AGEVSREVWEK,430.554331,20.39,#N/A,924979,3,-4.6,0.3002
JF_171012_IDA_6600_Lung_PAD-_B2_proteinpilot,AGEVSREVWEK,430.554331,20.37,0.06,192883,3,-4.3,0.3614
JF_2ndPrep_IDA_6600_Liver_PAD-_3_proteinpilot,AGEVSREVWEK,645.327859,21.2,0.06,24329,2,-2.3,0.393
JF_171012_IDA_6600_Heart_PAD+_B3_proteinpilot,AGEVSREVWEK,430.554331,20,0.06,12196,3,9.8,0.4043
JF_171012_IDA_6600_Kidney_PAD-_B3_proteinpilot,AGEVSREVWEK,645.327859,20.96,0.06,265447,2,-2.9,0.4309
JF_2ndPrep_IDA_6600_Liver_PAD-_4_proteinpilot,AGEVSREVWEK,645.327859,21.23,0.2,18625,2,-1.1,0.4443
JF_171012_IDA_6600_Lung_PAD-_B3_proteinpilot,AGEVSREVWEK,430.554331,20.75,0.14,130830,3,1.6,0.4977
JF_171012_IDA_6600_Brain_PAD+_B2_proteinpilot,AGEVSREVWEK,430.554331,20.63,0.11,84124,3,-5,0.5148
JF_171012_IDA_6600_Brain_PAD+_B3_proteinpilot,AGEVSREVWEK,430.554331,20.71,0.33,84671,3,-0.5,0.5294
JF_171012_IDA_6600_Lung_PAD-_B1_proteinpilot,AGEVSREVWEK,430.554331,19.96,0.16,561819,3,-5.9,0.5689
JF_171012_IDA_6600_Kidney_PAD-_B3_proteinpilot,AGEVSREVWEK,430.554331,20.9,0.06,453350,3,-8.3,0.5829
JF_171012_IDA_6600_Muscle_PAD+_B2_proteinpilot,AGEVSREVWEK,430.554331,20.33,0.17,24167,3,-1,0.6074
JF_171012_IDA_6600_Brain_PAD+_B1_proteinpilot,AGEVSREVWEK,645.327859,20.92,0.13,137119,2,3.7,0.6613
JF_2ndPrep_IDA_6600_Liver_PAD-_4_proteinpilot,AGEVSREVWEK,430.554331,21,0.15,157708,3,-6,0.6631
JF_171012_IDA_6600_Muscle_PAD+_B1_proteinpilot,AGEVSREVWEK,430.554331,19.26,0.38,56455,3,1.2,0.7087
JF_2ndPrep_IDA_6600_Liver_PAD+_5_proteinpilot,AGEVSREVWEK,645.327859,22.26,0.15,750871,2,-6.2,0.7322
JF_171012_IDA_6600_Lung_PAD+_B2_proteinpilot,AGEVSREVWEK,645.327859,21.16,0.32,208115,2,-1.3,0.7927
JF_171012_IDA_6600_Muscle_PAD+_B3_proteinpilot,AGEVSREVWEK,430.554331,20.39,0.41,50117,3,1.4,0.8062
JF_171012_IDA_6600_Kidney_PAD+_B1_proteinpilot,AGEVSREVWEK,430.554331,21.74,0.11,9739,3,-0.4,0.8219
JF_2ndPrep_IDA_6600_Liver_PAD-_3_proteinpilot,AGEVSREVWEK,430.554331,20.92,0.34,189709,3,-5.1,0.8279
JF_171012_IDA_6600_Lung_PAD+_B3_proteinpilot,AGEVSREVWEK,645.327859,21.4,0.33,548905,2,-2,0.8506
JF_171012_IDA_6600_Muscle_PAD-_B2_proteinpilot,AGEVSREVWEK,645.327859,19.73,0.09,239052,2,-3.7,0.8542
JF_171012_IDA_6600_Lung_PAD+_B1_proteinpilot,AGEVSREVWEK,430.554331,20.89,0.31,581680,3,0.5,0.8603
JF_171012_IDA_6600_Brain_PAD+_B1_proteinpilot,AGEVSREVWEK,430.554331,21.03,0.14,148879,3,8.8,0.8657
JF_171012_IDA_6600_Kidney_PAD-_B1_proteinpilot,AGEVSREVWEK,645.327859,21.14,0.55,92844,2,-2.3,0.8679
JF_2ndPrep_IDA_6600_Liver_PAD+_4_proteinpilot,AGEVSREVWEK,645.327859,21.38,0.18,74047,2,1,0.8681
JF_2ndPrep_IDA_6600_Liver_PAD+_4_proteinpilot,AGEVSREVWEK,430.554331,21.38,0.24,205795,3,6.5,0.8765
JF_171012_IDA_6600_Brain_PAD-_B2_proteinpilot,AGEVSREVWEK,430.554331,20.75,0.31,512034,3,-3.3,0.8822
JF_171012_IDA_6600_Brain_PAD-_B2_proteinpilot,AGEVSREVWEK,645.327859,20.75,0.35,310964,2,-6.1,0.8889
JF_171012_IDA_6600_Kidney_PAD+_B1_proteinpilot,AGEVSREVWEK,645.327859,22.03,0.25,1049031,2,-5.3,0.891
JF_171012_IDA_6600_Brain_PAD-_B1_proteinpilot,AGEVSREVWEK,430.554331,20.97,0.21,849013,3,-3.7,0.9052
JF_171012_IDA_6600_Brain_PAD+_B2_proteinpilot,AGEVSREVWEK,645.327859,20.63,0.25,1586446,2,-2.7,0.9171
JF_2ndPrep_IDA_6600_Liver_PAD+_3_proteinpilot,AGEVSREVWEK,430.554331,21.5,0.32,252230,3,6,0.9258
JF_171012_IDA_6600_Lung_PAD+_B1_proteinpilot,AGEVSREVWEK,645.327859,21,0.3,210363,2,-2.9,0.9274
JF_171012_IDA_6600_Brain_PAD+_B3_proteinpilot,AGEVSREVWEK,645.327859,20.71,0.21,1286239,2,-0.7,0.9306
JF_171012_IDA_6600_Muscle_PAD-_B1_proteinpilot,AGEVSREVWEK,430.554331,18.78,0.14,541686,3,0.7,0.9355
JF_2ndPrep_IDA_6600_Liver_PAD+_5_proteinpilot,AGEVSREVWEK,430.554331,21.91,0.42,832893,3,0,0.9365
JF_2ndPrep_IDA_6600_Liver_PAD-_5_proteinpilot,AGEVSREVWEK,430.554331,21.13,0.09,550626,3,-9.6,0.9368
JF_171012_IDA_6600_Lung_PAD+_B3_proteinpilot,AGEVSREVWEK,430.554331,20.88,0.33,860655,3,2,0.9384
JF_171012_IDA_6600_Brain_PAD-_B1_proteinpilot,AGEVSREVWEK,645.327859,20.97,0.27,584764,2,-6,0.9387
JF_171012_IDA_6600_Brain_PAD-_B3_proteinpilot,AGEVSREVWEK,645.327859,20.44,0.27,607105,2,-4.9,0.9421
JF_2ndPrep_IDA_6600_Liver_PAD+_3_proteinpilot,AGEVSREVWEK,645.327859,21.78,#N/A,270885,2,-1.7,0.9449
JF_171012_IDA_6600_Lung_PAD-_B1_proteinpilot,AGEVSREVWEK,645.327859,20.02,0.22,758569,2,-4.8,0.946
JF_171012_IDA_6600_Heart_PAD-_B3_proteinpilot,AGEVSREVWEK,430.554331,19.88,0.2,20587160,3,-4.4,0.9464
JF_171012_IDA_6600_Muscle_PAD+_B1_proteinpilot,AGEVSREVWEK,645.327859,19.26,0.24,25849096,2,3.7,0.9468
JF_171012_IDA_6600_Muscle_PAD-_B1_proteinpilot,AGEVSREVWEK,645.327859,18.78,0.16,383638,2,-2.8,0.9482
JF_171012_IDA_6600_Lung_PAD-_B3_proteinpilot,AGEVSREVWEK,645.327859,21.04,0.23,872492,2,-5.4,0.9486
JF_171012_IDA_6600_Heart_PAD-_B2_proteinpilot,AGEVSREVWEK,430.554331,19.69,0.15,15913904,3,-5.1,0.9513
JF_171012_IDA_6600_Brain_PAD-_B3_proteinpilot,AGEVSREVWEK,430.554331,20.44,0.16,1195877,3,-4.1,0.9514
JF_171012_IDA_6600_Heart_PAD-_B3_proteinpilot,AGEVSREVWEK,645.327859,19.88,0.19,11663434,2,-4.1,0.9514
JF_171012_IDA_6600_Heart_PAD-_B1_proteinpilot,AGEVSREVWEK,430.554331,20.7,0.17,12323746,3,-4.4,0.9529
JF_171012_IDA_6600_Muscle_PAD+_B2_proteinpilot,AGEVSREVWEK,645.327859,20.68,0.46,14703927,2,2.2,0.9627
JF_171012_IDA_6600_Kidney_PAD+_B3_proteinpilot,AGEVSREVWEK,645.327859,20.72,0.17,516347,2,-0.1,0.9635
JF_171012_IDA_6600_Muscle_PAD-_B3_proteinpilot,AGEVSREVWEK,645.327859,20.63,0.13,548956,2,-5.1,0.9656
JF_171012_IDA_6600_Heart_PAD+_B1_proteinpilot,AGEVSREVWEK,645.327859,20.49,0.16,4002959,2,-6.4,0.9665
JF_171012_IDA_6600_Heart_PAD-_B1_proteinpilot,AGEVSREVWEK,645.327859,20.7,0.16,5615838,2,-3.1,0.9672
JF_171012_IDA_6600_Heart_PAD-_B2_proteinpilot,AGEVSREVWEK,645.327859,19.69,0.15,7250525,2,-3.7,0.9674
JF_171012_IDA_6600_Muscle_PAD-_B2_proteinpilot,AGEVSREVWEK,430.554331,19.73,0.13,926622,3,-2,0.9714
JF_171012_IDA_6600_Heart_PAD+_B3_proteinpilot,AGEVSREVWEK,645.327859,20.17,0.16,3275940,2,-4.9,0.9727
JF_171012_IDA_6600_Muscle_PAD+_B3_proteinpilot,AGEVSREVWEK,645.327859,20.67,0.33,5725356,2,2.3,0.9729
JF_171012_IDA_6600_Lung_PAD+_B2_proteinpilot,AGEVSREVWEK,430.554331,21.16,0.28,363267,3,0,0.9729
JF_171012_IDA_6600_Heart_PAD+_B2_proteinpilot,AGEVSREVWEK,645.327859,20.18,0.16,3722848,2,-3.4,0.974
JF_171012_IDA_6600_Lung_PAD-_B2_proteinpilot,AGEVSREVWEK,645.327859,20.37,0.15,819343,2,-6.1,0.9777
JF_171012_IDA_6600_Kidney_PAD+_B3_proteinpilot,AGEVSREVWEK,430.554331,20.72,0.16,1256053,3,7,0.9889
JF_171012_IDA_6600_Muscle_PAD-_B3_proteinpilot,AGEVSREVWEK,430.554331,20.58,0.13,1180466,3,-0.4,0.9992
JF_2ndPrep_IDA_6600_Liver_PAD-_3_proteinpilot,ADDGR[+1]PFPQVIK,672.351334,41.35,0.25,1038848,2,-1.1,0.5455
JF_2ndPrep_IDA_6600_Liver_PAD-_4_proteinpilot,ADDGR[+1]PFPQVIK,672.351334,41.45,0.51,903234,2,-3.7,0.5729
JF_171012_IDA_6600_Lung_PAD-_B3_proteinpilot,ADDGR[+1]PFPQVIK,672.351334,41.72,0.12,122246,2,3.3,0.6017
JF_171012_IDA_6600_Muscle_PAD-_B1_proteinpilot,ADDGR[+1]PFPQVIK,672.351334,41.44,0.19,264203,2,1.4,0.6224
JF_2ndPrep_IDA_6600_Liver_PAD-_5_proteinpilot,ADDGR[+1]PFPQVIK,672.351334,41.59,0.26,389036,2,-2.6,0.6299
JF_171012_IDA_6600_Kidney_PAD-_B1_proteinpilot,ADDGR[+1]PFPQVIK,672.351334,42.07,0.27,586666,2,-0.2,0.6419
JF_2ndPrep_IDA_6600_Liver_PAD+_5_proteinpilot,ADDGR[+1]PFPQVIK,672.351334,42.81,0.4,197629,2,-4,0.6775
JF_171012_IDA_6600_Brain_PAD-_B1_proteinpilot,ADDGR[+1]PFPQVIK,672.351334,41.82,0.23,162487,2,-0.4,0.7046
JF_171012_IDA_6600_Lung_PAD+_B2_proteinpilot,ADDGR[+1]PFPQVIK,672.351334,42.24,0.21,525003,2,-3.7,0.7477
JF_171012_IDA_6600_Heart_PAD-_B3_proteinpilot,ADDGR[+1]PFPQVIK,672.351334,42.27,0.21,401917,2,2.2,0.8023
JF_171012_IDA_6600_Heart_PAD-_B1_proteinpilot,ADDGR[+1]PFPQVIK,672.351334,43.3,0.28,543664,2,3,0.8317
JF_171012_IDA_6600_Kidney_PAD+_B1_proteinpilot,ADDGR[+1]PFPQVIK,672.351334,43.68,0.61,245606,2,0.4,0.8553
JF_171012_IDA_6600_Lung_PAD-_B1_proteinpilot,ADDGR[+1]PFPQVIK,672.351334,41.5,0.21,332343,2,-0.6,0.8561
JF_171012_IDA_6600_Muscle_PAD-_B3_proteinpilot,ADDGR[+1]PFPQVIK,672.351334,42.1,0.37,87678,2,2.1,0.8604
JF_2ndPrep_IDA_6600_Liver_PAD+_4_proteinpilot,ADDGR[+1]PFPQVIK,672.351334,42.32,0.34,285705,2,-1.6,0.8749
JF_171012_IDA_6600_Lung_PAD-_B2_proteinpilot,ADDGR[+1]PFPQVIK,672.351334,41.79,0.23,429878,2,-0.4,0.8857
JF_171012_IDA_6600_Muscle_PAD+_B3_proteinpilot,ADDGR[+1]PFPQVIK,672.351334,41.81,0.31,34162400,2,-7.6,0.8908
JF_2ndPrep_IDA_6600_Liver_PAD+_3_proteinpilot,ADDGR[+1]PFPQVIK,672.351334,42.37,0.32,227260,2,0.1,0.8973
JF_171012_IDA_6600_Brain_PAD-_B3_proteinpilot,ADDGR[+1]PFPQVIK,672.351334,42.14,0.38,196736,2,1.8,0.9112
JF_171012_IDA_6600_Heart_PAD-_B2_proteinpilot,ADDGR[+1]PFPQVIK,672.351334,40.93,0.35,338106,2,0.6,0.9149
JF_171012_IDA_6600_Heart_PAD+_B3_proteinpilot,ADDGR[+1]PFPQVIK,672.351334,41.08,0.21,2326876,2,-9.1,0.9221
JF_171012_IDA_6600_Muscle_PAD+_B2_proteinpilot,ADDGR[+1]PFPQVIK,672.351334,41.48,0.38,88225688,2,-7.6,0.9338
JF_171012_IDA_6600_Muscle_PAD+_B1_proteinpilot,ADDGR[+1]PFPQVIK,672.351334,40.3,0.41,111515504,2,-7.2,0.9343
JF_171012_IDA_6600_Heart_PAD+_B2_proteinpilot,ADDGR[+1]PFPQVIK,672.351334,41,0.24,3821274,2,-8.3,0.9352
JF_171012_IDA_6600_Muscle_PAD-_B2_proteinpilot,ADDGR[+1]PFPQVIK,672.351334,41.79,0.4,268469,2,0.5,0.9361
JF_171012_IDA_6600_Lung_PAD+_B3_proteinpilot,ADDGR[+1]PFPQVIK,672.351334,41.99,0.12,1213756,2,-4.2,0.9379
JF_171012_IDA_6600_Kidney_PAD-_B3_proteinpilot,ADDGR[+1]PFPQVIK,672.351334,43.77,0.57,410820,2,1.9,0.9396
JF_171012_IDA_6600_Kidney_PAD+_B3_proteinpilot,ADDGR[+1]PFPQVIK,672.351334,41.94,0.23,1324106,2,-4.8,0.9534
JF_171012_IDA_6600_Lung_PAD+_B1_proteinpilot,ADDGR[+1]PFPQVIK,672.351334,42.14,0.15,1632751,2,-6.9,0.954
JF_171012_IDA_6600_Brain_PAD-_B2_proteinpilot,ADDGR[+1]PFPQVIK,672.351334,42.94,0.12,52469,2,1.2,0.959
JF_171012_IDA_6600_Heart_PAD+_B1_proteinpilot,ADDGR[+1]PFPQVIK,672.351334,41.38,0.23,3395593,2,-7.7,0.9632
JF_171012_IDA_6600_Brain_PAD+_B2_proteinpilot,ADDGR[+1]PFPQVIK,672.351334,41.51,0.26,8580876,2,3.3,0.9816
JF_171012_IDA_6600_Brain_PAD+_B3_proteinpilot,ADDGR[+1]PFPQVIK,672.351334,41.51,0.27,10869736,2,2.4,0.983
JF_171012_IDA_6600_Brain_PAD+_B1_proteinpilot,ADDGR[+1]PFPQVIK,672.351334,42.43,0.29,7392203,2,0.5,0.9865
JF_2ndPrep_IDA_6600_Liver_PAD-_4_proteinpilot,ADDGRPFPQVIK,671.859326,33.27,0.24,25660,2,-1.5,0.3606
JF_2ndPrep_IDA_6600_Liver_PAD-_4_proteinpilot,ADDGRPFPQVIK,448.241976,33.33,0.11,71650,3,-7.3,0.4542
JF_2ndPrep_IDA_6600_Liver_PAD-_5_proteinpilot,ADDGRPFPQVIK,448.241976,32.88,0.21,15483898,3,-4,0.5254
JF_2ndPrep_IDA_6600_Liver_PAD+_5_proteinpilot,ADDGRPFPQVIK,448.241976,33.9,0.35,17590978,3,7.7,0.5714
JF_2ndPrep_IDA_6600_Liver_PAD-_5_proteinpilot,ADDGRPFPQVIK,671.859326,33.05,0.14,10233,2,1.5,0.587
JF_2ndPrep_IDA_6600_Liver_PAD-_3_proteinpilot,ADDGRPFPQVIK,448.241976,33.23,0.34,172893,3,-7.1,0.6513
JF_171012_IDA_6600_Heart_PAD+_B3_proteinpilot,ADDGRPFPQVIK,448.241976,32.48,#N/A,9633,3,0.4,0.6803
JF_2ndPrep_IDA_6600_Liver_PAD+_5_proteinpilot,ADDGRPFPQVIK,671.859326,33.9,0.32,500840,2,1.2,0.6813
JF_171012_IDA_6600_Kidney_PAD+_B1_proteinpilot,ADDGRPFPQVIK,671.859326,33.64,0.13,41287,2,0,0.6862
JF_171012_IDA_6600_Heart_PAD+_B1_proteinpilot,ADDGRPFPQVIK,448.241976,32.91,0.13,31881,3,4.9,0.6995
JF_2ndPrep_IDA_6600_Liver_PAD-_3_proteinpilot,ADDGRPFPQVIK,671.859326,33.17,0.1,20675,2,2.4,0.7156
JF_171012_IDA_6600_Muscle_PAD+_B3_proteinpilot,ADDGRPFPQVIK,671.859326,32.13,0.32,6921480,2,-8.4,0.78
JF_171012_IDA_6600_Muscle_PAD+_B2_proteinpilot,ADDGRPFPQVIK,671.859326,31.95,0.33,9303317,2,-7.8,0.7898
JF_171012_IDA_6600_Heart_PAD+_B2_proteinpilot,ADDGRPFPQVIK,448.241976,31.71,0.11,349921,3,3.1,0.8063
JF_171012_IDA_6600_Muscle_PAD+_B3_proteinpilot,ADDGRPFPQVIK,448.241976,32.13,0.4,71270216,3,-8,0.8148
JF_171012_IDA_6600_Brain_PAD+_B3_proteinpilot,ADDGRPFPQVIK,448.241976,32.71,0.1,2844953,3,8.8,0.8398
JF_171012_IDA_6600_Kidney_PAD+_B1_proteinpilot,ADDGRPFPQVIK,448.241976,33.76,0.34,340907,3,2.5,0.8547
JF_171012_IDA_6600_Kidney_PAD-_B3_proteinpilot,ADDGRPFPQVIK,448.241976,33.18,0.15,2033279,3,-8.6,0.8614
JF_171012_IDA_6600_Muscle_PAD+_B2_proteinpilot,ADDGRPFPQVIK,448.241976,31.95,0.36,76996944,3,-8.1,0.8648
JF_171012_IDA_6600_Brain_PAD+_B2_proteinpilot,ADDGRPFPQVIK,448.241976,32.64,0.45,5690326,3,9,0.8674
JF_2ndPrep_IDA_6600_Liver_PAD+_3_proteinpilot,ADDGRPFPQVIK,671.859326,33.82,0.29,73374,2,2.6,0.8704
JF_171012_IDA_6600_Brain_PAD+_B1_proteinpilot,ADDGRPFPQVIK,448.241976,33.51,0.34,16101939,3,8.6,0.8845
JF_171012_IDA_6600_Kidney_PAD-_B1_proteinpilot,ADDGRPFPQVIK,448.241976,32.73,0.28,212616,3,-1.9,0.8853
JF_171012_IDA_6600_Lung_PAD+_B2_proteinpilot,ADDGRPFPQVIK,671.859326,33.46,0.3,655784,2,-6.9,0.8902
JF_171012_IDA_6600_Lung_PAD-_B1_proteinpilot,ADDGRPFPQVIK,448.241976,32.15,0.25,2980283,3,-8.7,0.8919
JF_2ndPrep_IDA_6600_Liver_PAD+_4_proteinpilot,ADDGRPFPQVIK,671.859326,33.37,0.26,103165,2,3.6,0.9114
JF_171012_IDA_6600_Muscle_PAD+_B1_proteinpilot,ADDGRPFPQVIK,448.241976,29.98,0.24,93851160,3,-7.1,0.9212
JF_171012_IDA_6600_Muscle_PAD+_B1_proteinpilot,ADDGRPFPQVIK,671.859326,29.98,0.23,19355128,2,-7.4,0.9215
JF_171012_IDA_6600_Muscle_PAD-_B1_proteinpilot,ADDGRPFPQVIK,448.241976,30.77,0.29,161760480,3,-1.5,0.9237
JF_171012_IDA_6600_Lung_PAD-_B3_proteinpilot,ADDGRPFPQVIK,448.241976,33.04,0.15,4088482,3,-7,0.9268
JF_171012_IDA_6600_Muscle_PAD-_B3_proteinpilot,ADDGRPFPQVIK,448.241976,32.95,0.42,86959264,3,3.6,0.9296
JF_171012_IDA_6600_Muscle_PAD-_B2_proteinpilot,ADDGRPFPQVIK,448.241976,31.94,0.42,151994992,3,-2,0.9302
JF_2ndPrep_IDA_6600_Liver_PAD+_3_proteinpilot,ADDGRPFPQVIK,448.241976,33.65,0.38,412465,3,5.6,0.9304
JF_171012_IDA_6600_Heart_PAD+_B1_proteinpilot,ADDGRPFPQVIK,671.859326,32.39,0.31,2097126,2,-6.7,0.953
JF_171012_IDA_6600_Brain_PAD-_B3_proteinpilot,ADDGRPFPQVIK,448.241976,32.67,0.33,47174112,3,-5.3,0.9546
JF_171012_IDA_6600_Heart_PAD-_B2_proteinpilot,ADDGRPFPQVIK,448.241976,31.42,0.36,24708978,3,-5.9,0.9594
JF_171012_IDA_6600_Brain_PAD-_B2_proteinpilot,ADDGRPFPQVIK,448.241976,33.15,0.32,30098540,3,-2.1,0.9598
JF_171012_IDA_6600_Kidney_PAD-_B3_proteinpilot,ADDGRPFPQVIK,671.859326,33.23,0.17,715086,2,-8.7,0.9599
JF_171012_IDA_6600_Heart_PAD-_B1_proteinpilot,ADDGRPFPQVIK,448.241976,32.73,0.36,14444580,3,-7.1,0.9619
JF_171012_IDA_6600_Brain_PAD-_B1_proteinpilot,ADDGRPFPQVIK,448.241976,33.26,0.36,33191360,3,-3.7,0.9627
JF_171012_IDA_6600_Heart_PAD-_B3_proteinpilot,ADDGRPFPQVIK,448.241976,31.74,0.34,16974166,3,-6.2,0.9655
JF_171012_IDA_6600_Lung_PAD-_B1_proteinpilot,ADDGRPFPQVIK,671.859326,32.2,0.14,1235973,2,-5.6,0.9673
JF_171012_IDA_6600_Muscle_PAD-_B1_proteinpilot,ADDGRPFPQVIK,671.859326,30.77,0.28,37880232,2,-6,0.9688
JF_171012_IDA_6600_Lung_PAD-_B2_proteinpilot,ADDGRPFPQVIK,671.859326,32.54,0.21,1795263,2,-3.9,0.9725
JF_171012_IDA_6600_Lung_PAD+_B1_proteinpilot,ADDGRPFPQVIK,671.859326,33.27,0.25,901126,2,-6.9,0.9725
JF_171012_IDA_6600_Lung_PAD-_B2_proteinpilot,ADDGRPFPQVIK,448.241976,32.6,0.19,6851161,3,-8.3,0.9726
JF_171012_IDA_6600_Kidney_PAD-_B1_proteinpilot,ADDGRPFPQVIK,671.859326,32.73,0.43,91000,2,1.1,0.9728
JF_171012_IDA_6600_Muscle_PAD-_B3_proteinpilot,ADDGRPFPQVIK,671.859326,32.95,0.4,15700111,2,-1.2,0.9742
JF_171012_IDA_6600_Kidney_PAD+_B3_proteinpilot,ADDGRPFPQVIK,671.859326,32.98,0.27,772036,2,-1.3,0.9771
JF_171012_IDA_6600_Muscle_PAD-_B2_proteinpilot,ADDGRPFPQVIK,671.859326,32,0.4,27966832,2,-6.5,0.9781
JF_171012_IDA_6600_Kidney_PAD+_B3_proteinpilot,ADDGRPFPQVIK,448.241976,32.98,0.27,3960412,3,6.4,0.9788
JF_171012_IDA_6600_Lung_PAD-_B3_proteinpilot,ADDGRPFPQVIK,671.859326,33.04,0.15,973847,2,-4.4,0.9798
JF_171012_IDA_6600_Lung_PAD+_B2_proteinpilot,ADDGRPFPQVIK,448.241976,33.46,0.31,4173896,3,-0.2,0.9823
JF_171012_IDA_6600_Lung_PAD+_B3_proteinpilot,ADDGRPFPQVIK,448.241976,32.9,0.17,4342605,3,1.4,0.983
JF_171012_IDA_6600_Lung_PAD+_B3_proteinpilot,ADDGRPFPQVIK,671.859326,32.9,0.19,929636,2,-7.5,0.983
JF_171012_IDA_6600_Heart_PAD-_B3_proteinpilot,ADDGRPFPQVIK,671.859326,31.68,0.32,3200717,2,-5.9,0.9833
JF_171012_IDA_6600_Heart_PAD-_B2_proteinpilot,ADDGRPFPQVIK,671.859326,31.42,0.36,4855350,2,-4.7,0.9847
JF_171012_IDA_6600_Brain_PAD+_B2_proteinpilot,ADDGRPFPQVIK,671.859326,32.46,0.3,4614393,2,1.8,0.9848
JF_171012_IDA_6600_Heart_PAD+_B3_proteinpilot,ADDGRPFPQVIK,671.859326,32.13,0.29,2627468,2,-7.8,0.9865
JF_171012_IDA_6600_Lung_PAD+_B1_proteinpilot,ADDGRPFPQVIK,448.241976,33.21,0.24,4254069,3,0.4,0.9867
JF_171012_IDA_6600_Brain_PAD-_B3_proteinpilot,ADDGRPFPQVIK,671.859326,32.67,0.3,9467919,2,-6.2,0.9887
JF_2ndPrep_IDA_6600_Liver_PAD+_4_proteinpilot,ADDGRPFPQVIK,448.241976,33.54,0.35,416208,3,5.3,0.989
JF_171012_IDA_6600_Heart_PAD-_B1_proteinpilot,ADDGRPFPQVIK,671.859326,32.73,0.31,2728420,2,-6.1,0.9893
JF_171012_IDA_6600_Heart_PAD+_B2_proteinpilot,ADDGRPFPQVIK,671.859326,31.94,0.3,2892990,2,-7.7,0.9897
JF_171012_IDA_6600_Brain_PAD-_B2_proteinpilot,ADDGRPFPQVIK,671.859326,33.21,0.31,6257664,2,-3.2,0.9906
JF_171012_IDA_6600_Brain_PAD+_B3_proteinpilot,ADDGRPFPQVIK,671.859326,32.53,0.28,5511670,2,2.8,0.9919
JF_171012_IDA_6600_Brain_PAD+_B1_proteinpilot,ADDGRPFPQVIK,671.859326,33.51,0.37,4006386,2,1.8,0.9938
JF_171012_IDA_6600_Brain_PAD-_B1_proteinpilot,ADDGRPFPQVIK,671.859326,33.32,0.35,7015938,2,-4.9,0.9964
JF_171012_IDA_6600_Heart_PAD+_B1_proteinpilot,ADC[+57]LVPSEIR[+1]K,644.83192,36.22,0.16,1649738,2,-0.5,0.3692
JF_171012_IDA_6600_Heart_PAD+_B2_proteinpilot,ADC[+57]LVPSEIR[+1]K,644.83192,35.84,0.35,1996180,2,-0.8,0.3811
JF_171012_IDA_6600_Muscle_PAD+_B3_proteinpilot,ADC[+57]LVPSEIR[+1]K,644.83192,36.52,0.16,517462,2,-6.1,0.3869
JF_2ndPrep_IDA_6600_Liver_PAD-_4_proteinpilot,ADC[+57]LVPSEIR[+1]K,644.83192,36.92,0.06,5404,2,7.2,0.3967
JF_171012_IDA_6600_Heart_PAD+_B3_proteinpilot,ADC[+57]LVPSEIR[+1]K,644.83192,35.94,0.44,1886315,2,-0.2,0.4162
JF_2ndPrep_IDA_6600_Liver_PAD+_5_proteinpilot,ADC[+57]LVPSEIR[+1]K,644.83192,37.76,0.28,420389,2,1.7,0.5251
JF_171012_IDA_6600_Kidney_PAD+_B3_proteinpilot,ADC[+57]LVPSEIR[+1]K,644.83192,36.72,0.28,1457790,2,4,0.5309
JF_171012_IDA_6600_Lung_PAD+_B2_proteinpilot,ADC[+57]LVPSEIR[+1]K,644.83192,37.11,0.22,211763,2,-3.7,0.5442
JF_171012_IDA_6600_Kidney_PAD+_B1_proteinpilot,ADC[+57]LVPSEIR[+1]K,644.83192,37.47,0.25,1592460,2,3,0.5673
JF_171012_IDA_6600_Muscle_PAD-_B3_proteinpilot,ADC[+57]LVPSEIR[+1]K,644.83192,36.75,0.14,168708,2,-4.2,0.5744
JF_2ndPrep_IDA_6600_Liver_PAD+_4_proteinpilot,ADC[+57]LVPSEIR[+1]K,644.83192,37.2,0.28,398847,2,7,0.5868
JF_171012_IDA_6600_Brain_PAD-_B1_proteinpilot,ADC[+57]LVPSEIR[+1]K,644.83192,36.93,0.15,55937,2,-4.9,0.601
JF_171012_IDA_6600_Brain_PAD-_B2_proteinpilot,ADC[+57]LVPSEIR[+1]K,644.83192,36.82,0.1,51160,2,-6.8,0.6032
JF_171012_IDA_6600_Lung_PAD+_B3_proteinpilot,ADC[+57]LVPSEIR[+1]K,644.83192,36.77,0.16,186529,2,-4.1,0.6365
JF_171012_IDA_6600_Brain_PAD-_B3_proteinpilot,ADC[+57]LVPSEIR[+1]K,644.83192,36.16,0.17,152454,2,-0.6,0.6462
JF_171012_IDA_6600_Muscle_PAD+_B1_proteinpilot,ADC[+57]LVPSEIR[+1]K,644.83192,35.03,0.39,504401,2,-2.3,0.6657
JF_171012_IDA_6600_Muscle_PAD+_B2_proteinpilot,ADC[+57]LVPSEIR[+1]K,644.83192,36.51,0.48,503795,2,-1.4,0.6773
JF_171012_IDA_6600_Lung_PAD+_B1_proteinpilot,ADC[+57]LVPSEIR[+1]K,644.83192,36.89,0.26,329524,2,-2.9,0.7074
JF_171012_IDA_6600_Muscle_PAD-_B1_proteinpilot,ADC[+57]LVPSEIR[+1]K,644.83192,34.72,0.45,308044,2,-5.2,0.729
JF_2ndPrep_IDA_6600_Liver_PAD-_3_proteinpilot,ADC[+57]LVPSEIR[+1]K,644.83192,36.36,0.26,147780,2,-4.3,0.7361
JF_171012_IDA_6600_Brain_PAD+_B3_proteinpilot,ADC[+57]LVPSEIR[+1]K,644.83192,36.19,0.38,2307076,2,3,0.7637
JF_171012_IDA_6600_Brain_PAD+_B1_proteinpilot,ADC[+57]LVPSEIR[+1]K,644.83192,37.18,0.36,1427815,2,3.3,0.7639
JF_171012_IDA_6600_Brain_PAD+_B2_proteinpilot,ADC[+57]LVPSEIR[+1]K,644.83192,36.19,0.36,1998188,2,2.7,0.7722
JF_2ndPrep_IDA_6600_Liver_PAD+_3_proteinpilot,ADC[+57]LVPSEIR[+1]K,644.83192,37.19,0.16,63065,2,4.5,0.7891
JF_171012_IDA_6600_Heart_PAD-_B1_proteinpilot,ADC[+57]LVPSEIR[+1]K,644.83192,36.49,0.14,57157,2,-1,0.8286
JF_171012_IDA_6600_Heart_PAD-_B2_proteinpilot,ADC[+57]LVPSEIR[+1]K,644.83192,35.49,0.52,245212,2,-0.5,0.8444
JF_171012_IDA_6600_Muscle_PAD-_B2_proteinpilot,ADC[+57]LVPSEIR[+1]K,644.83192,36.09,0.18,72637,2,-3.4,0.8472
JF_171012_IDA_6600_Heart_PAD-_B3_proteinpilot,ADC[+57]LVPSEIR[+1]K,644.83192,35.45,0.22,86738,2,-0.1,0.8596
JF_171012_IDA_6600_Kidney_PAD-_B1_proteinpilot,ADC[+57]LVPSEIR[+1]K,644.83192,36.91,0.3,53319,2,0.3,0.8701
JF_171012_IDA_6600_Lung_PAD-_B2_proteinpilot,ADC[+57]LVPSEIR[+1]K,644.83192,36.27,0.29,508269,2,-1,0.879
JF_171012_IDA_6600_Lung_PAD-_B3_proteinpilot,ADC[+57]LVPSEIR[+1]K,644.83192,36.9,0.19,331691,2,-2.4,0.8792
JF_171012_IDA_6600_Lung_PAD-_B1_proteinpilot,ADC[+57]LVPSEIR[+1]K,644.83192,35.93,0.35,190189,2,-2,0.8824
JF_171012_IDA_6600_Kidney_PAD-_B3_proteinpilot,ADC[+57]LVPSEIR[+1]K,644.83192,36.91,0.06,50969,2,-1.5,0.9144
JF_2ndPrep_IDA_6600_Liver_PAD-_5_proteinpilot,ADC[+57]LVPSEIR[+1]K,644.83192,36.52,0.21,67535,2,-5.4,0.9322
JF_171012_IDA_6600_Lung_PAD-_B2_proteinpilot,ADC[+57]LVPSEIRK,429.8957,27.31,0.16,87563,3,-2.5,0.6026
JF_171012_IDA_6600_Heart_PAD-_B2_proteinpilot,ADC[+57]LVPSEIRK,429.8957,26.35,0.22,51985,3,-1.4,0.6194
JF_171012_IDA_6600_Muscle_PAD+_B3_proteinpilot,ADC[+57]LVPSEIRK,429.8957,27.27,0.1,113494,3,-2.8,0.6364
JF_2ndPrep_IDA_6600_Liver_PAD+_3_proteinpilot,ADC[+57]LVPSEIRK,429.8957,28.49,0.13,104116,3,8,0.6446
JF_171012_IDA_6600_Muscle_PAD-_B1_proteinpilot,ADC[+57]LVPSEIRK,644.339912,26.76,0.32,133269,2,-1,0.6635
JF_171012_IDA_6600_Heart_PAD-_B1_proteinpilot,ADC[+57]LVPSEIRK,429.8957,27.63,0.06,22095,3,0.8,0.6756
JF_171012_IDA_6600_Muscle_PAD+_B1_proteinpilot,ADC[+57]LVPSEIRK,429.8957,24.93,0.21,178262,3,0.3,0.6838
JF_171012_IDA_6600_Muscle_PAD+_B2_proteinpilot,ADC[+57]LVPSEIRK,429.8957,27.04,0.24,131662,3,4.6,0.7075
JF_171012_IDA_6600_Muscle_PAD-_B1_proteinpilot,ADC[+57]LVPSEIRK,429.8957,26.93,0.15,70171,3,1.3,0.7331
JF_171012_IDA_6600_Kidney_PAD-_B1_proteinpilot,ADC[+57]LVPSEIRK,429.8957,27.98,0.24,135642,3,-3.3,0.7856
JF_171012_IDA_6600_Kidney_PAD-_B1_proteinpilot,ADC[+57]LVPSEIRK,644.339912,28.15,0.12,42278,2,-1.4,0.8029
JF_171012_IDA_6600_Kidney_PAD-_B3_proteinpilot,ADC[+57]LVPSEIRK,429.8957,27.94,0.77,249676,3,-3.1,0.8365
JF_171012_IDA_6600_Kidney_PAD+_B3_proteinpilot,ADC[+57]LVPSEIRK,429.8957,27.71,0.29,203989,3,4.2,0.8449
JF_2ndPrep_IDA_6600_Liver_PAD+_4_proteinpilot,ADC[+57]LVPSEIRK,429.8957,28.38,0.94,234889,3,5.2,0.846
JF_171012_IDA_6600_Heart_PAD-_B1_proteinpilot,ADC[+57]LVPSEIRK,644.339912,27.51,0.23,108012,2,-4.3,0.8495
JF_2ndPrep_IDA_6600_Liver_PAD+_3_proteinpilot,ADC[+57]LVPSEIRK,644.339912,28.14,0.07,814978,2,9.2,0.8655
JF_2ndPrep_IDA_6600_Liver_PAD-_5_proteinpilot,ADC[+57]LVPSEIRK,644.339912,28.24,0.19,143544,2,1.2,0.8677
JF_171012_IDA_6600_Brain_PAD+_B2_proteinpilot,ADC[+57]LVPSEIRK,429.8957,27.35,0.56,519179,3,8.8,0.8705
JF_171012_IDA_6600_Lung_PAD+_B2_proteinpilot,ADC[+57]LVPSEIRK,429.8957,28.17,0.46,191475,3,-2.4,0.8739
JF_171012_IDA_6600_Muscle_PAD-_B2_proteinpilot,ADC[+57]LVPSEIRK,644.339912,27.15,0.12,155869,2,2.6,0.8757
JF_171012_IDA_6600_Muscle_PAD-_B3_proteinpilot,ADC[+57]LVPSEIRK,644.339912,27.79,0.06,45220,2,-2,0.8764
JF_171012_IDA_6600_Heart_PAD+_B1_proteinpilot,ADC[+57]LVPSEIRK,644.339912,27.27,0.1,173753,2,-1.9,0.8865
JF_171012_IDA_6600_Brain_PAD-_B3_proteinpilot,ADC[+57]LVPSEIRK,644.339912,27.43,0.41,800135,2,-3.1,0.8876
JF_171012_IDA_6600_Brain_PAD-_B2_proteinpilot,ADC[+57]LVPSEIRK,644.339912,27.17,0.28,1011230,2,0.1,0.8916
JF_171012_IDA_6600_Lung_PAD-_B2_proteinpilot,ADC[+57]LVPSEIRK,644.339912,27.37,0.22,349149,2,-4.1,0.8945
JF_171012_IDA_6600_Lung_PAD-_B3_proteinpilot,ADC[+57]LVPSEIRK,429.8957,27.93,0.72,168664,3,-3,0.897
JF_171012_IDA_6600_Kidney_PAD-_B3_proteinpilot,ADC[+57]LVPSEIRK,644.339912,27.94,0.19,468683,2,-1,0.8983
JF_171012_IDA_6600_Heart_PAD+_B2_proteinpilot,ADC[+57]LVPSEIRK,429.8957,26.86,0.5,275628,3,5.6,0.8996
JF_2ndPrep_IDA_6600_Liver_PAD+_5_proteinpilot,ADC[+57]LVPSEIRK,429.8957,28.91,0.26,128278,3,-0.9,0.9022
JF_171012_IDA_6600_Lung_PAD-_B1_proteinpilot,ADC[+57]LVPSEIRK,429.8957,27.52,0.18,175703,3,-2.3,0.9055
JF_2ndPrep_IDA_6600_Liver_PAD-_4_proteinpilot,ADC[+57]LVPSEIRK,644.339912,28.17,0.22,105079,2,-0.4,0.9107
JF_171012_IDA_6600_Heart_PAD+_B3_proteinpilot,ADC[+57]LVPSEIRK,429.8957,26.51,0.85,506735,3,4,0.9112
JF_2ndPrep_IDA_6600_Liver_PAD+_5_proteinpilot,ADC[+57]LVPSEIRK,644.339912,28.91,0.25,289798,2,0.6,0.9125
JF_171012_IDA_6600_Heart_PAD+_B3_proteinpilot,ADC[+57]LVPSEIRK,644.339912,26.91,0.67,362145,2,-3.2,0.9127
JF_171012_IDA_6600_Lung_PAD+_B1_proteinpilot,ADC[+57]LVPSEIRK,429.8957,27.83,0.24,223922,3,-0.6,0.9322
JF_171012_IDA_6600_Brain_PAD+_B3_proteinpilot,ADC[+57]LVPSEIRK,429.8957,27.25,0.19,2622073,3,8.8,0.933
JF_171012_IDA_6600_Heart_PAD-_B3_proteinpilot,ADC[+57]LVPSEIRK,644.339912,26.57,0.2,242815,2,-1.3,0.9338
JF_171012_IDA_6600_Lung_PAD+_B3_proteinpilot,ADC[+57]LVPSEIRK,429.8957,27.77,0.91,302026,3,-0.8,0.9339
JF_171012_IDA_6600_Heart_PAD-_B2_proteinpilot,ADC[+57]LVPSEIRK,644.339912,26.29,0.22,222833,2,-4.6,0.9375
JF_171012_IDA_6600_Heart_PAD+_B2_proteinpilot,ADC[+57]LVPSEIRK,644.339912,26.91,0.22,403546,2,-2.9,0.9393
JF_171012_IDA_6600_Heart_PAD-_B3_proteinpilot,ADC[+57]LVPSEIRK,429.8957,26.57,0.07,69323,3,-1.9,0.9413
JF_171012_IDA_6600_Brain_PAD+_B1_proteinpilot,ADC[+57]LVPSEIRK,644.339912,28.22,0.6,775367,2,4.7,0.9422
JF_2ndPrep_IDA_6600_Liver_PAD-_3_proteinpilot,ADC[+57]LVPSEIRK,644.339912,27.84,0.1,249861,2,-4.8,0.9428
JF_171012_IDA_6600_Brain_PAD-_B1_proteinpilot,ADC[+57]LVPSEIRK,644.339912,27.97,0.35,959908,2,-2.6,0.9459
JF_171012_IDA_6600_Lung_PAD-_B1_proteinpilot,ADC[+57]LVPSEIRK,644.339912,26.94,0.71,527697,2,-1.9,0.9478
JF_171012_IDA_6600_Brain_PAD+_B2_proteinpilot,ADC[+57]LVPSEIRK,644.339912,27.06,0.23,1369579,2,7.2,0.9478
JF_171012_IDA_6600_Lung_PAD+_B1_proteinpilot,ADC[+57]LVPSEIRK,644.339912,27.83,0.29,540832,2,-3.6,0.9501
JF_171012_IDA_6600_Brain_PAD+_B3_proteinpilot,ADC[+57]LVPSEIRK,644.339912,27.31,0.38,983506,2,3.4,0.9545
JF_2ndPrep_IDA_6600_Liver_PAD-_5_proteinpilot,ADC[+57]LVPSEIRK,429.8957,28,0.19,184741,3,-7,0.9564
JF_2ndPrep_IDA_6600_Liver_PAD-_3_proteinpilot,ADC[+57]LVPSEIRK,429.8957,27.84,0.25,358957,3,-5.1,0.9569
JF_171012_IDA_6600_Lung_PAD+_B2_proteinpilot,ADC[+57]LVPSEIRK,644.339912,28.05,0.31,630130,2,-2.7,0.9604
JF_171012_IDA_6600_Brain_PAD+_B1_proteinpilot,ADC[+57]LVPSEIRK,429.8957,28.22,0.21,2238628,3,8.3,0.9614
JF_171012_IDA_6600_Brain_PAD-_B3_proteinpilot,ADC[+57]LVPSEIRK,429.8957,27.43,0.31,3405213,3,-5,0.9616
JF_171012_IDA_6600_Muscle_PAD-_B3_proteinpilot,ADC[+57]LVPSEIRK,429.8957,27.79,0.11,38025,3,-5.5,0.9628
JF_171012_IDA_6600_Muscle_PAD+_B2_proteinpilot,ADC[+57]LVPSEIRK,644.339912,26.92,0.26,624289,2,-2.3,0.9658
JF_171012_IDA_6600_Lung_PAD+_B3_proteinpilot,ADC[+57]LVPSEIRK,644.339912,27.77,0.5,557312,2,-2.8,0.9668
JF_2ndPrep_IDA_6600_Liver_PAD+_4_proteinpilot,ADC[+57]LVPSEIRK,644.339912,28.03,0.19,1777727,2,7.7,0.9679
JF_171012_IDA_6600_Lung_PAD-_B3_proteinpilot,ADC[+57]LVPSEIRK,644.339912,27.93,0.68,492380,2,-1.2,0.971
JF_171012_IDA_6600_Muscle_PAD-_B2_proteinpilot,ADC[+57]LVPSEIRK,429.8957,27.15,0.2,94968,3,-4,0.9733
JF_171012_IDA_6600_Heart_PAD+_B1_proteinpilot,ADC[+57]LVPSEIRK,429.8957,27.27,0.24,157109,3,3.6,0.9745
JF_171012_IDA_6600_Muscle_PAD+_B3_proteinpilot,ADC[+57]LVPSEIRK,644.339912,26.98,0.19,1205586,2,-3.5,0.9756
JF_171012_IDA_6600_Brain_PAD-_B2_proteinpilot,ADC[+57]LVPSEIRK,429.8957,27.87,0.32,3936494,3,-2.5,0.9777
JF_171012_IDA_6600_Kidney_PAD+_B1_proteinpilot,ADC[+57]LVPSEIRK,644.339912,28.11,0.23,1884226,2,3.6,0.98
JF_171012_IDA_6600_Muscle_PAD+_B1_proteinpilot,ADC[+57]LVPSEIRK,644.339912,25.33,0.2,1129973,2,-1.9,0.9806
JF_171012_IDA_6600_Kidney_PAD+_B3_proteinpilot,ADC[+57]LVPSEIRK,644.339912,27.66,0.19,1490646,2,5.1,0.9814
JF_2ndPrep_IDA_6600_Liver_PAD-_4_proteinpilot,ADC[+57]LVPSEIRK,429.8957,27.88,0.23,286399,3,-5,0.9865
JF_171012_IDA_6600_Kidney_PAD+_B1_proteinpilot,ADC[+57]LVPSEIRK,429.8957,28.16,0.25,280188,3,3.1,0.9876
JF_171012_IDA_6600_Brain_PAD-_B1_proteinpilot,ADC[+57]LVPSEIRK,429.8957,28.03,0.31,4493989,3,-4.3,0.9885
