Protein,Mod Peptide,Modification Site,10 Amino Acid,Peptide Pair,Mod RT,Unmod RT,RT Shift,Mod Charge State,Unmod Charge State,Charge Shift,Total Neutral Loss Ions ,Neutral Loss Pairs,Other Mods RT,Mod-Unmod File Pairs,Heart,Lung,Liver,Muscle,Kidney,Brain,Isotope Dot Product,Best Retention Time,Retention Time Drift,Total Area,Max Fwhm,Total Area/Fwhm,Average Mass Error PPM,Skyline Validation
1/sp|P30999|CTND1_MOUSE,ALSAIAELLTSEHER[157]VVK,R725,IAELLTSEHERVVKAASGALR,ALSAIAELLTSEHERVVK,66.03,58.63,7.4,3,"3,4","Loss,Match",8,y14^2(1080.2):y14-43^2(323.8);y16^2i(2782.7):y16-43^2i(396.3);y10(280.2):y10-43(164.6);y12^2(455.7):y12-43^2(235.9);y15^2(839.2):y15-43^2(263.0);y9(481.7):y9-43(130.2);y11^2(796.6):y11-43^2(139.1);y13^2(2084.3):y13-43^2(465.7),,"JF_171012_IDA_6600_Lung_PAD+_B1_proteinpilot: 3, JF_171012_IDA_6600_Lung_PAD+_B1_proteinpilot: 4",0,2,0,0,0,0,0.581,65.98,0.04999999999999716,395923,0.17,2328958.8235294116,-6.8,Bad
1/sp|A2ASS6|TITIN_MOUSE,AC[160]EPVPAR[157]DPC[160]DPPGQPEVTNITRK,R27471,CSKACEPVPARDPCDPPGQPE,AC[160]EPVPARDPC[160]DPPGQPEVTNITRK,35.86,29.96,5.9,3,"3,4","Loss,Match",5,b12(429.0):b12-43(563.1);y23^2(330.0):y23-43^2(297.0);y20^2(2381.2):y20-43^2(1485.1);b8(340.8):b8-43(163.0);y22^2(3731.3):y22-43^2(2155.5),,"JF_171012_IDA_6600_Muscle_PAD+_B3_proteinpilot: 3, JF_171012_IDA_6600_Heart_PAD+_B2_proteinpilot: 4",0,0,0,2,0,0,0.9536,35.8,0.060000000000002274,470006,0.21,2238123.8095238097,-6.8,Okay
1/sp|A2AAJ9|OBSCN_MOUSE,AAPVEWR[157]K,R3826,"ELSKAAPVEWRKGTETLRDGD,ELSKAAPVEWRKGSETLKDGD,QMSKAAPVEWRKGSETLRDGD,QMSKAAPVEWRKGSETLGDGG,QMSKAAPVEWRKGSETLRDGG,QMSKAAPVEWRKGSETLRDGD,QMSKAAPVEWRKGSKTLRDGD,RMSKAAPVEWRKGSETLKDGD",AAPVEWRK,20.45,12.52,7.93,2,2,Match,4,y6^2(10000.0):y6-43^2(692.9);y4(583.5):y4-43(168.6);y5(568.9):y5-43(211.0);y3(282.5):y3-43(67.7),,"JF_171012_IDA_6600_Muscle_PAD+_B3_proteinpilot: 2, JF_171012_IDA_6600_Muscle_PAD-_B2_proteinpilot: 2",0,0,0,1,0,0,0.8483,21.57,-1.120000000000001,2186269,0.2,10931345.0,-7,Bad
1/sp|A2ASS6|TITIN_MOUSE,AAEVPAPIR[157]DLSMK,R29256,VKAAEVPAPIRDLSMKDSTKT,AAEVPAPIRDLSMK,53.72,44.14,9.58,2,3,Loss,6,y10^2(2616.4):y10-43^2(951.5);y12^2(107.5):y12-43^2(267.8);y8(1305.0):y8-43(766.0);y9(719.2):y9-43(166.8);y6(1144.2):y6-43(228.6);y11^2(591.0):y11-43^2(125.5),,"JF_171012_IDA_6600_Muscle_PAD+_B2_proteinpilot: 2, JF_171012_IDA_6600_Heart_PAD+_B2_proteinpilot: 3",0,0,0,4,0,0,0.9253,54.27,-0.5500000000000043,3648388,0.53,6883750.9433962265,0.3,Okay
1/sp|P67778|PHB_MOUSE,AAELIANSLATAGDGLIELR[157]K,R239,ATAGDGLIELRKLEAAEDIAY,AAELIANSLATAGDGLIELRK,76.01,69.3,6.71,2,"3,2","Loss,Match",11,y14(2383.3):y14-43(673.5);y2(1168.6):y2-43(378.3);y5(1652.2):y5-43(354.7);y10(3350.4):y10-43(863.1);y12(7018.1):y12-43(1773.1);y7(1652.8):y7-43(379.9);y8(1056.2):y8-43(293.0);y9(9101.3):y9-43(1188.8);y11(6660.5):y11-43(1477.9);y4(1854.3):y4-43(552.6);y13(2707.6):y13-43(659.3),,"JF_2ndPrep_IDA_6600_Liver_PAD+_3_proteinpilot: 2, JF_2ndPrep_IDA_6600_Liver_PAD-_5_proteinpilot: 3",0,0,3,0,0,0,0.9952,76.05,-0.03999999999999204,393913,0.24,1641304.1666666667,3,Good
1/sp|P06728|APOA4_MOUSE,ALVQQLEQFR[157]QQLGPNSGEVESHLSFLEK,R326,KALVQQLEQFRQQLGPNSGEV,ALVQQLEQFRQQLGPNSGEVESHLSFLEK,84.29,73.93,10.36,3,4,Loss,1,y24^2(5090.7):y24-43^2(4241.6),,"JF_171012_IDA_6600_Lung_PAD+_B1_proteinpilot: 3, JF_171012_IDA_6600_Lung_PAD-_B1_proteinpilot: 4",0,1,0,0,0,0,0.8434,84.08,0.21000000000000796,5800,#N/A,#N/A,0,Bad
1/sp|P51174|ACADL_MOUSE,AGEVSR[157]EVWEK,R87,TEWEKAGEVSREVWEKAGKQG,AGEVSREVWEK,29.69,20.81,8.88,2,"3,2","Loss,Match",10,b8(1323.0):b8-43(822.6);y10^2(395.7):y10-43^2(429.2);y7(10000.0):y7-43(3633.7);y8(1564.5):y8-43(644.0);b10(1127.4):b10-43(518.1);y6(947.0):y6-43(656.6);y9^2(664.5):y9-43^2(333.7);b9(1628.8):b9-43(555.2);b7(379.3):b7-43(436.2);b6(1037.3):b6-43(909.1),,"JF_171012_IDA_6600_Kidney_PAD+_B3_proteinpilot: 2, JF_171012_IDA_6600_Heart_PAD-_B1_proteinpilot: 2",3,2,3,3,1,2,0.9243,29.7,-0.00999999999999801,1670674,0.41,4074814.6341463416,-1,Good
1/sp|P05064|ALDOA_MOUSE,ADDGR[157]PFPQVIK,R92,ETLYQKADDGRPFPQVIKSKG,ADDGRPFPQVIK,41.47,32.73,8.74,2,"3,2","Loss,Match",11,b11(332.2):b11-43(109.9);b8(6.3):b8-43(4.8);y10(95.3):y10-43(95.6);b5(1204.2):b5-43(1271.6);b10(197.8):b10-43(218.9);y8(96.9):y8-43(63.5);y11^2(28.5):y11-43^2(26.5);y9(134.7):y9-43(82.7);b9(69.5):b9-43(56.2);b7(189.2):b7-43(215.7);b6(9.8):b6-43(21.8),,"JF_171012_IDA_6600_Brain_PAD+_B2_proteinpilot: 2, JF_171012_IDA_6600_Heart_PAD-_B1_proteinpilot: 3",5,1,1,14,1,5,0.9816,41.51,-0.03999999999999915,8580876,0.26,33003369.23076923,3.3,Good
1/sp|Q9Z2Q6|SEPT5_MOUSE,ADC[160]LVPSEIR[157]K,R200,KADCLVPSEIRKLKDRIREEI,ADC[160]LVPSEIRK,36.16,27.56,8.6,2,3,Loss,4,y6(10000.0):y6-43(1482.3);y9(168.3):y9-43(54.0);y7(1070.1):y7-43(171.8);y8(467.2):y8-43(126.9),,"JF_171012_IDA_6600_Brain_PAD+_B3_proteinpilot: 2, JF_171012_IDA_6600_Brain_PAD-_B3_proteinpilot: 3",0,0,0,0,0,2,0.7637,36.19,-0.030000000000001137,2307076,0.38,6071252.631578947,3,Okay
